'sample interval','SpO2'
'1.024 sec','%'
0,93.000
1,93.000
2,93.000
3,93.000
4,93.000
5,93.000
6,93.000
7,93.000
8,93.000
9,93.000
10,93.000
11,93.000
12,93.000
13,93.000
14,93.000
15,94.000
16,95.000
17,95.000
18,95.000
19,96.000
20,96.000
21,96.000
22,96.000
23,96.000
24,96.000
25,96.000
26,96.000
27,96.000
28,96.000
29,96.000
30,96.000
31,96.000
32,96.000
33,96.000
34,96.000
35,95.000
36,95.000
37,95.000
38,95.000
39,95.000
40,95.000
41,95.000
42,95.000
43,95.000
44,95.000
45,95.000
46,95.000
47,95.000
48,95.000
49,95.000
50,95.000
51,95.000
52,95.000
53,95.000
54,95.000
55,95.000
56,95.000
57,95.000
58,95.000
59,95.000
60,95.000
61,95.000
62,95.000
63,95.000
64,95.000
65,95.000
66,95.000
67,95.000
68,95.000
69,95.000
70,95.000
71,95.000
72,95.000
73,95.000
74,95.000
75,95.000
76,95.000
77,95.000
78,95.000
79,95.000
80,95.000
81,95.000
82,95.000
83,95.000
84,95.000
85,95.000
86,95.000
87,95.000
88,95.000
89,95.000
90,95.000
91,95.000
92,95.000
93,95.000
94,95.000
95,95.000
96,95.000
97,95.000
98,95.000
99,95.000
100,94.000
101,94.000
102,95.000
103,95.000
104,95.000
105,95.000
106,95.000
107,95.000
108,95.000
109,95.000
110,95.000
111,95.000
112,95.000
113,94.000
114,94.000
115,94.000
116,94.000
117,94.000
118,94.000
119,94.000
120,94.000
121,94.000
122,94.000
123,94.000
124,94.000
125,94.000
126,94.000
127,94.000
128,94.000
129,94.000
130,94.000
131,94.000
132,94.000
133,94.000
134,94.000
135,94.000
136,94.000
137,94.000
138,94.000
139,94.000
140,94.000
141,94.000
142,94.000
143,94.000
144,94.000
145,94.000
146,94.000
147,94.000
148,94.000
149,94.000
150,94.000
151,94.000
152,94.000
153,94.000
154,94.000
155,93.000
156,93.000
157,93.000
158,93.000
159,93.000
160,93.000
161,93.000
162,93.000
163,93.000
164,93.000
165,93.000
166,93.000
167,93.000
168,93.000
169,93.000
170,93.000
171,93.000
172,93.000
173,93.000
174,93.000
175,93.000
176,93.000
177,93.000
178,93.000
179,93.000
180,93.000
181,93.000
182,93.000
183,93.000
184,93.000
185,93.000
186,93.000
187,93.000
188,93.000
189,93.000
190,93.000
191,93.000
192,93.000
193,93.000
194,93.000
195,93.000
196,93.000
197,93.000
198,93.000
199,93.000
200,93.000
201,93.000
202,93.000
203,93.000
204,93.000
205,93.000
206,93.000
207,93.000
208,93.000
209,93.000
210,93.000
211,93.000
212,93.000
213,93.000
214,93.000
215,93.000
216,93.000
217,93.000
218,93.000
219,93.000
220,93.000
221,93.000
222,93.000
223,93.000
224,93.000
225,93.000
226,93.000
227,93.000
228,93.000
229,93.000
230,93.000
231,93.000
232,93.000
233,93.000
234,93.000
235,93.000
236,93.000
237,93.000
238,93.000
239,93.000
240,93.000
241,93.000
242,93.000
243,93.000
244,93.000
245,93.000
246,93.000
247,93.000
248,93.000
249,93.000
250,93.000
251,93.000
252,93.000
253,93.000
254,93.000
255,93.000
256,93.000
257,93.000
258,93.000
259,93.000
260,93.000
261,93.000
262,93.000
263,93.000
264,93.000
265,93.000
266,93.000
267,93.000
268,93.000
269,93.000
270,93.000
271,93.000
272,93.000
273,93.000
274,93.000
275,93.000
276,93.000
277,93.000
278,93.000
279,93.000
280,93.000
281,93.000
282,93.000
283,93.000
284,93.000
285,93.000
286,93.000
287,93.000
288,93.000
289,93.000
290,93.000
291,93.000
292,93.000
293,93.000
294,93.000
295,93.000
296,93.000
297,93.000
298,93.000
299,93.000
300,93.000
301,93.000
302,93.000
303,93.000
304,93.000
305,93.000
306,93.000
307,93.000
308,93.000
309,93.000
310,93.000
311,93.000
312,93.000
313,93.000
314,93.000
315,93.000
316,93.000
317,93.000
318,93.000
319,93.000
320,93.000
321,93.000
322,93.000
323,93.000
324,93.000
325,93.000
326,93.000
327,93.000
328,93.000
329,93.000
330,93.000
331,93.000
332,93.000
333,93.000
334,93.000
335,93.000
336,93.000
337,93.000
338,93.000
339,93.000
340,93.000
341,93.000
342,93.000
343,93.000
344,93.000
345,93.000
346,93.000
347,93.000
348,93.000
349,93.000
350,93.000
351,93.000
352,93.000
353,93.000
354,93.000
355,93.000
356,93.000
357,93.000
358,93.000
359,93.000
360,93.000
361,93.000
362,93.000
363,93.000
364,93.000
365,93.000
366,93.000
367,93.000
368,93.000
369,93.000
370,93.000
371,93.000
372,93.000
373,93.000
374,93.000
375,93.000
376,93.000
377,93.000
378,93.000
379,93.000
380,93.000
381,93.000
382,93.000
383,93.000
384,93.000
385,93.000
386,93.000
387,93.000
388,93.000
389,93.000
390,93.000
391,93.000
392,93.000
393,93.000
394,93.000
395,93.000
396,93.000
397,93.000
398,93.000
399,93.000
400,93.000
401,93.000
402,93.000
403,93.000
404,93.000
405,93.000
406,93.000
407,93.000
408,93.000
409,93.000
410,93.000
411,93.000
412,93.000
413,93.000
414,93.000
415,93.000
416,93.000
417,93.000
418,93.000
419,93.000
420,93.000
421,93.000
422,93.000
423,93.000
424,93.000
425,93.000
426,93.000
427,93.000
428,93.000
429,93.000
430,93.000
431,93.000
432,93.000
433,93.000
434,93.000
435,93.000
436,93.000
437,93.000
438,93.000
439,93.000
440,93.000
441,93.000
442,93.000
443,93.000
444,93.000
445,93.000
446,93.000
447,93.000
448,93.000
449,93.000
450,93.000
451,93.000
452,93.000
453,93.000
454,93.000
455,93.000
456,93.000
457,93.000
458,93.000
459,93.000
460,93.000
461,93.000
462,93.000
463,93.000
464,93.000
465,92.000
466,93.000
467,93.000
468,93.000
469,93.000
470,93.000
471,92.000
472,92.000
473,93.000
474,93.000
475,93.000
476,93.000
477,93.000
478,93.000
479,93.000
480,93.000
481,93.000
482,93.000
483,93.000
484,93.000
485,93.000
486,93.000
487,93.000
488,93.000
489,93.000
490,93.000
491,93.000
492,93.000
493,93.000
494,93.000
495,93.000
496,93.000
497,93.000
498,93.000
499,93.000
500,93.000
501,93.000
502,93.000
503,93.000
504,93.000
505,93.000
506,93.000
507,93.000
508,93.000
509,93.000
510,93.000
511,93.000
512,93.000
513,93.000
514,93.000
515,93.000
516,93.000
517,93.000
518,93.000
519,93.000
520,93.000
521,94.000
522,94.000
523,94.000
524,94.000
525,94.000
526,94.000
527,94.000
528,94.000
529,94.000
530,94.000
531,94.000
532,94.000
533,94.000
534,94.000
535,94.000
536,94.000
537,94.000
538,94.000
539,93.000
540,93.000
541,93.000
542,93.000
543,93.000
544,93.000
545,93.000
546,93.000
547,94.000
548,94.000
549,94.000
550,94.000
551,94.000
552,94.000
553,94.000
554,94.000
555,94.000
556,94.000
557,94.000
558,94.000
559,94.000
560,93.000
561,93.000
562,93.000
563,93.000
564,93.000
565,93.000
566,93.000
567,93.000
568,93.000
569,93.000
570,93.000
571,93.000
572,93.000
573,93.000
574,93.000
575,93.000
576,93.000
577,93.000
578,93.000
579,93.000
580,93.000
581,93.000
582,93.000
583,93.000
584,93.000
585,93.000
586,93.000
587,93.000
588,93.000
589,93.000
590,93.000
591,93.000
592,93.000
593,93.000
594,93.000
595,93.000
596,93.000
597,93.000
598,93.000
599,93.000
600,93.000
601,93.000
602,93.000
603,93.000
604,93.000
605,93.000
606,93.000
607,93.000
608,93.000
609,93.000
610,93.000
611,93.000
612,93.000
613,93.000
614,93.000
615,93.000
616,93.000
617,93.000
618,93.000
619,93.000
620,93.000
621,93.000
622,93.000
623,93.000
624,93.000
625,93.000
626,93.000
627,93.000
628,93.000
629,93.000
630,93.000
631,93.000
632,93.000
633,93.000
634,93.000
635,93.000
636,93.000
637,93.000
638,93.000
639,93.000
640,93.000
641,93.000
642,93.000
643,93.000
644,93.000
645,93.000
646,93.000
647,93.000
648,93.000
649,93.000
650,93.000
651,93.000
652,93.000
653,93.000
654,93.000
655,93.000
656,93.000
657,93.000
658,93.000
659,93.000
660,93.000
661,93.000
662,93.000
663,92.000
664,92.000
665,92.000
666,92.000
667,92.000
668,92.000
669,92.000
670,92.000
671,92.000
672,92.000
673,92.000
674,92.000
675,92.000
676,92.000
677,92.000
678,92.000
679,92.000
680,92.000
681,92.000
682,92.000
683,92.000
684,92.000
685,92.000
686,92.000
687,92.000
688,92.000
689,92.000
690,92.000
691,92.000
692,92.000
693,92.000
694,92.000
695,92.000
696,92.000
697,92.000
698,92.000
699,92.000
700,92.000
701,92.000
702,92.000
703,92.000
704,92.000
705,92.000
706,92.000
707,92.000
708,92.000
709,92.000
710,92.000
711,92.000
712,92.000
713,92.000
714,92.000
715,92.000
716,92.000
717,92.000
718,92.000
719,92.000
720,92.000
721,92.000
722,92.000
723,92.000
724,92.000
725,92.000
726,92.000
727,92.000
728,92.000
729,92.000
730,92.000
731,92.000
732,92.000
733,92.000
734,92.000
735,92.000
736,92.000
737,92.000
738,92.000
739,92.000
740,92.000
741,92.000
742,92.000
743,92.000
744,92.000
745,92.000
746,92.000
747,92.000
748,92.000
749,92.000
750,92.000
751,92.000
752,92.000
753,92.000
754,92.000
755,92.000
756,92.000
757,92.000
758,92.000
759,92.000
760,92.000
761,92.000
762,92.000
763,92.000
764,92.000
765,92.000
766,92.000
767,92.000
768,92.000
769,92.000
770,92.000
771,92.000
772,92.000
773,92.000
774,92.000
775,92.000
776,92.000
777,92.000
778,92.000
779,92.000
780,92.000
781,92.000
782,92.000
783,92.000
784,92.000
785,92.000
786,92.000
787,92.000
788,92.000
789,92.000
790,92.000
791,92.000
792,92.000
793,92.000
794,92.000
795,92.000
796,92.000
797,92.000
798,92.000
799,92.000
800,92.000
801,92.000
802,92.000
803,92.000
804,92.000
805,92.000
806,92.000
807,92.000
808,92.000
809,92.000
810,92.000
811,92.000
812,92.000
813,92.000
814,92.000
815,92.000
816,92.000
817,92.000
818,92.000
819,92.000
820,92.000
821,92.000
822,92.000
823,92.000
824,92.000
825,92.000
826,92.000
827,92.000
828,92.000
829,92.000
830,92.000
831,92.000
832,92.000
833,92.000
834,92.000
835,92.000
836,92.000
837,92.000
838,92.000
839,92.000
840,92.000
841,92.000
842,92.000
843,92.000
844,92.000
845,92.000
846,92.000
847,92.000
848,92.000
849,92.000
850,92.000
851,92.000
852,92.000
853,92.000
854,92.000
855,92.000
856,92.000
857,92.000
858,92.000
859,92.000
860,92.000
861,92.000
862,92.000
863,92.000
864,92.000
865,92.000
866,92.000
867,92.000
868,92.000
869,92.000
870,92.000
871,92.000
872,92.000
873,92.000
874,92.000
875,92.000
876,92.000
877,92.000
878,92.000
879,92.000
880,92.000
881,92.000
882,92.000
883,92.000
884,92.000
885,92.000
886,92.000
887,92.000
888,92.000
889,92.000
890,92.000
891,92.000
892,92.000
893,92.000
894,92.000
895,92.000
896,92.000
897,92.000
898,92.000
899,92.000
900,92.000
901,92.000
902,92.000
903,92.000
904,92.000
905,92.000
906,92.000
907,92.000
908,92.000
909,92.000
910,92.000
911,92.000
912,92.000
913,92.000
914,92.000
915,92.000
916,92.000
917,92.000
918,92.000
919,92.000
920,92.000
921,92.000
922,92.000
923,92.000
924,92.000
925,92.000
926,92.000
927,92.000
928,92.000
929,92.000
930,92.000
931,92.000
932,92.000
933,92.000
934,92.000
935,92.000
936,92.000
937,92.000
938,92.000
939,92.000
940,92.000
941,92.000
942,92.000
943,92.000
944,92.000
945,92.000
946,92.000
947,92.000
948,92.000
949,92.000
950,92.000
951,92.000
952,92.000
953,92.000
954,92.000
955,92.000
956,92.000
957,92.000
958,92.000
959,92.000
960,92.000
961,92.000
962,92.000
963,92.000
964,92.000
965,92.000
966,92.000
967,92.000
968,92.000
969,92.000
970,92.000
971,92.000
972,92.000
973,92.000
974,92.000
975,92.000
976,92.000
977,92.000
978,92.000
979,92.000
980,92.000
981,92.000
982,92.000
983,92.000
984,92.000
985,92.000
986,92.000
987,92.000
988,92.000
989,92.000
990,92.000
991,92.000
992,92.000
993,92.000
994,92.000
995,92.000
996,92.000
997,92.000
998,92.000
999,92.000
1000,92.000
1001,92.000
1002,92.000
1003,92.000
1004,92.000
1005,92.000
1006,92.000
1007,92.000
1008,92.000
1009,92.000
1010,92.000
1011,92.000
1012,92.000
1013,92.000
1014,92.000
1015,92.000
1016,92.000
1017,92.000
1018,92.000
1019,92.000
1020,92.000
1021,92.000
1022,92.000
1023,92.000
1024,92.000
1025,92.000
1026,92.000
1027,92.000
1028,92.000
1029,92.000
1030,92.000
1031,92.000
1032,92.000
1033,92.000
1034,92.000
1035,92.000
1036,92.000
1037,92.000
1038,92.000
1039,92.000
1040,92.000
1041,92.000
1042,92.000
1043,92.000
1044,92.000
1045,92.000
1046,92.000
1047,92.000
1048,92.000
1049,92.000
1050,92.000
1051,92.000
1052,92.000
1053,92.000
1054,92.000
1055,92.000
1056,92.000
1057,92.000
1058,92.000
1059,92.000
1060,92.000
1061,92.000
1062,92.000
1063,92.000
1064,92.000
1065,92.000
1066,92.000
1067,92.000
1068,92.000
1069,92.000
1070,92.000
1071,92.000
1072,91.000
1073,91.000
1074,91.000
1075,92.000
1076,92.000
1077,92.000
1078,92.000
1079,92.000
1080,92.000
1081,92.000
1082,92.000
1083,92.000
1084,92.000
1085,92.000
1086,92.000
1087,92.000
1088,92.000
1089,92.000
1090,92.000
1091,92.000
1092,92.000
1093,92.000
1094,92.000
1095,92.000
1096,92.000
1097,92.000
1098,92.000
1099,92.000
1100,92.000
1101,92.000
1102,92.000
1103,92.000
1104,92.000
1105,92.000
1106,92.000
1107,92.000
1108,92.000
1109,92.000
1110,92.000
1111,92.000
1112,92.000
1113,92.000
1114,92.000
1115,92.000
1116,92.000
1117,92.000
1118,92.000
1119,92.000
1120,92.000
1121,92.000
1122,92.000
1123,92.000
1124,92.000
1125,92.000
1126,92.000
1127,92.000
1128,92.000
1129,92.000
1130,92.000
1131,92.000
1132,92.000
1133,92.000
1134,92.000
1135,92.000
1136,92.000
1137,92.000
1138,92.000
1139,92.000
1140,92.000
1141,92.000
1142,92.000
1143,92.000
1144,92.000
1145,92.000
1146,92.000
1147,92.000
1148,92.000
1149,92.000
1150,92.000
1151,92.000
1152,92.000
1153,92.000
1154,92.000
1155,92.000
1156,92.000
1157,92.000
1158,92.000
1159,92.000
1160,92.000
1161,92.000
1162,92.000
1163,92.000
1164,92.000
1165,92.000
1166,92.000
1167,92.000
1168,92.000
1169,92.000
1170,92.000
1171,92.000
1172,92.000
1173,92.000
1174,92.000
1175,92.000
1176,92.000
1177,92.000
1178,92.000
1179,92.000
1180,92.000
1181,92.000
1182,92.000
1183,92.000
1184,92.000
1185,92.000
1186,92.000
1187,92.000
1188,92.000
1189,92.000
1190,92.000
1191,92.000
1192,92.000
1193,92.000
1194,92.000
1195,92.000
1196,92.000
1197,92.000
1198,92.000
1199,92.000
1200,92.000
1201,92.000
1202,92.000
1203,92.000
1204,92.000
1205,92.000
1206,92.000
1207,92.000
1208,92.000
1209,92.000
1210,92.000
1211,92.000
1212,92.000
1213,92.000
1214,92.000
1215,92.000
1216,92.000
1217,92.000
1218,92.000
1219,92.000
1220,92.000
1221,92.000
1222,92.000
1223,92.000
1224,92.000
1225,92.000
1226,92.000
1227,92.000
1228,92.000
1229,92.000
1230,92.000
1231,92.000
1232,92.000
1233,92.000
1234,92.000
1235,92.000
1236,92.000
1237,92.000
1238,92.000
1239,92.000
1240,92.000
1241,92.000
1242,92.000
1243,92.000
1244,92.000
1245,92.000
1246,92.000
1247,92.000
1248,92.000
1249,92.000
1250,92.000
1251,92.000
1252,92.000
1253,92.000
1254,92.000
1255,92.000
1256,92.000
1257,92.000
1258,92.000
1259,92.000
1260,92.000
1261,92.000
1262,92.000
1263,92.000
1264,92.000
1265,92.000
1266,92.000
1267,92.000
1268,92.000
1269,92.000
1270,92.000
1271,92.000
1272,92.000
1273,92.000
1274,92.000
1275,92.000
1276,92.000
1277,92.000
1278,92.000
1279,92.000
1280,92.000
1281,92.000
1282,92.000
1283,92.000
1284,92.000
1285,92.000
1286,91.000
1287,91.000
1288,91.000
1289,91.000
1290,91.000
1291,91.000
1292,91.000
1293,92.000
1294,92.000
1295,92.000
1296,92.000
1297,92.000
1298,92.000
1299,92.000
1300,92.000
1301,92.000
1302,92.000
1303,92.000
1304,92.000
1305,92.000
1306,92.000
1307,92.000
1308,92.000
1309,92.000
1310,92.000
1311,92.000
1312,92.000
1313,92.000
1314,92.000
1315,92.000
1316,92.000
1317,92.000
1318,92.000
1319,92.000
1320,92.000
1321,92.000
1322,92.000
1323,92.000
1324,92.000
1325,92.000
1326,93.000
1327,93.000
1328,93.000
1329,93.000
1330,94.000
1331,94.000
1332,94.000
1333,95.000
1334,95.000
1335,95.000
1336,95.000
1337,95.000
1338,95.000
1339,95.000
1340,95.000
1341,95.000
1342,95.000
1343,95.000
1344,95.000
1345,95.000
1346,95.000
1347,95.000
1348,95.000
1349,95.000
1350,95.000
1351,95.000
1352,95.000
1353,95.000
1354,95.000
1355,95.000
1356,95.000
1357,95.000
1358,95.000
1359,95.000
1360,95.000
1361,95.000
1362,95.000
1363,95.000
1364,95.000
1365,95.000
1366,95.000
1367,95.000
1368,95.000
1369,95.000
1370,95.000
1371,95.000
1372,95.000
1373,95.000
1374,95.000
1375,95.000
1376,95.000
1377,95.000
1378,95.000
1379,95.000
1380,95.000
1381,95.000
1382,95.000
1383,95.000
1384,95.000
1385,95.000
1386,95.000
1387,95.000
1388,95.000
1389,95.000
1390,95.000
1391,95.000
1392,95.000
1393,95.000
1394,95.000
1395,95.000
1396,95.000
1397,95.000
1398,95.000
1399,95.000
1400,95.000
1401,95.000
1402,95.000
1403,95.000
1404,95.000
1405,95.000
1406,95.000
1407,95.000
1408,95.000
1409,94.000
1410,94.000
1411,94.000
1412,94.000
1413,94.000
1414,94.000
1415,94.000
1416,94.000
1417,94.000
1418,94.000
1419,94.000
1420,94.000
1421,94.000
1422,94.000
1423,94.000
1424,94.000
1425,94.000
1426,94.000
1427,94.000
1428,94.000
1429,94.000
1430,94.000
1431,94.000
1432,94.000
1433,94.000
1434,94.000
1435,94.000
1436,94.000
1437,94.000
1438,94.000
1439,94.000
1440,94.000
1441,94.000
1442,94.000
1443,94.000
1444,94.000
1445,94.000
1446,94.000
1447,94.000
1448,94.000
1449,94.000
1450,94.000
1451,94.000
1452,94.000
1453,94.000
1454,94.000
1455,94.000
1456,94.000
1457,94.000
1458,94.000
1459,94.000
1460,94.000
1461,94.000
1462,93.000
1463,93.000
1464,93.000
1465,93.000
1466,93.000
1467,93.000
1468,93.000
1469,94.000
1470,94.000
1471,94.000
1472,94.000
1473,94.000
1474,94.000
1475,93.000
1476,93.000
1477,93.000
1478,93.000
1479,93.000
1480,93.000
1481,93.000
1482,93.000
1483,93.000
1484,93.000
1485,93.000
1486,93.000
1487,93.000
1488,93.000
1489,93.000
1490,93.000
1491,93.000
1492,93.000
1493,93.000
1494,93.000
1495,93.000
1496,93.000
1497,93.000
1498,93.000
1499,93.000
1500,93.000
1501,93.000
1502,93.000
1503,93.000
1504,93.000
1505,93.000
1506,93.000
1507,93.000
1508,93.000
1509,93.000
1510,93.000
1511,93.000
1512,93.000
1513,93.000
1514,93.000
1515,93.000
1516,93.000
1517,93.000
1518,93.000
1519,93.000
1520,93.000
1521,93.000
1522,93.000
1523,93.000
1524,93.000
1525,93.000
1526,93.000
1527,93.000
1528,93.000
1529,93.000
1530,93.000
1531,93.000
1532,93.000
1533,93.000
1534,93.000
1535,93.000
1536,93.000
1537,93.000
1538,93.000
1539,93.000
1540,93.000
1541,93.000
1542,93.000
1543,93.000
1544,93.000
1545,93.000
1546,93.000
1547,93.000
1548,93.000
1549,93.000
1550,93.000
1551,93.000
1552,93.000
1553,93.000
1554,93.000
1555,93.000
1556,93.000
1557,93.000
1558,93.000
1559,93.000
1560,93.000
1561,93.000
1562,93.000
1563,93.000
1564,93.000
1565,93.000
1566,93.000
1567,93.000
1568,93.000
1569,93.000
1570,93.000
1571,93.000
1572,93.000
1573,93.000
1574,93.000
1575,93.000
1576,93.000
1577,93.000
1578,93.000
1579,93.000
1580,93.000
1581,93.000
1582,93.000
1583,93.000
1584,93.000
1585,93.000
1586,93.000
1587,93.000
1588,93.000
1589,93.000
1590,93.000
1591,93.000
1592,93.000
1593,93.000
1594,93.000
1595,93.000
1596,93.000
1597,93.000
1598,93.000
1599,93.000
1600,93.000
1601,93.000
1602,93.000
1603,93.000
1604,93.000
1605,93.000
1606,93.000
1607,93.000
1608,93.000
1609,93.000
1610,93.000
1611,93.000
1612,93.000
1613,93.000
1614,93.000
1615,93.000
1616,93.000
1617,93.000
1618,93.000
1619,93.000
1620,93.000
1621,93.000
1622,93.000
1623,93.000
1624,93.000
1625,93.000
1626,93.000
1627,93.000
1628,93.000
1629,93.000
1630,93.000
1631,93.000
1632,93.000
1633,93.000
1634,93.000
1635,93.000
1636,93.000
1637,93.000
1638,93.000
1639,93.000
1640,93.000
1641,93.000
1642,93.000
1643,93.000
1644,93.000
1645,93.000
1646,93.000
1647,93.000
1648,93.000
1649,93.000
1650,93.000
1651,93.000
1652,93.000
1653,93.000
1654,93.000
1655,93.000
1656,92.000
1657,92.000
1658,92.000
1659,92.000
1660,92.000
1661,93.000
1662,93.000
1663,93.000
1664,93.000
1665,93.000
1666,93.000
1667,93.000
1668,93.000
1669,93.000
1670,93.000
1671,93.000
1672,93.000
1673,93.000
1674,93.000
1675,93.000
1676,93.000
1677,93.000
1678,93.000
1679,93.000
1680,93.000
1681,93.000
1682,93.000
1683,93.000
1684,93.000
1685,93.000
1686,93.000
1687,93.000
1688,93.000
1689,93.000
1690,93.000
1691,93.000
1692,93.000
1693,93.000
1694,93.000
1695,93.000
1696,93.000
1697,93.000
1698,93.000
1699,93.000
1700,93.000
1701,93.000
1702,93.000
1703,93.000
1704,93.000
1705,93.000
1706,93.000
1707,93.000
1708,93.000
1709,93.000
1710,93.000
1711,93.000
1712,93.000
1713,93.000
1714,93.000
1715,93.000
1716,93.000
1717,93.000
1718,93.000
1719,93.000
1720,93.000
1721,93.000
1722,93.000
1723,93.000
1724,93.000
1725,93.000
1726,93.000
1727,93.000
1728,93.000
1729,93.000
1730,93.000
1731,93.000
1732,92.000
1733,92.000
1734,92.000
1735,92.000
1736,92.000
1737,92.000
1738,92.000
1739,92.000
1740,92.000
1741,92.000
1742,92.000
1743,92.000
1744,92.000
1745,92.000
1746,92.000
1747,92.000
1748,92.000
1749,92.000
1750,92.000
1751,92.000
1752,92.000
1753,92.000
1754,92.000
1755,92.000
1756,92.000
1757,92.000
1758,92.000
1759,92.000
1760,92.000
1761,92.000
1762,92.000
1763,92.000
1764,92.000
1765,92.000
1766,92.000
1767,92.000
1768,92.000
1769,92.000
1770,92.000
1771,92.000
1772,92.000
1773,92.000
1774,92.000
1775,92.000
1776,92.000
1777,92.000
1778,92.000
1779,92.000
1780,92.000
1781,92.000
1782,92.000
1783,92.000
1784,92.000
1785,92.000
1786,92.000
1787,92.000
1788,92.000
1789,92.000
1790,92.000
1791,92.000
1792,92.000
1793,92.000
1794,92.000
1795,92.000
1796,92.000
1797,92.000
1798,92.000
1799,92.000
1800,92.000
1801,92.000
1802,92.000
1803,92.000
1804,92.000
1805,92.000
1806,92.000
1807,92.000
1808,92.000
1809,92.000
1810,92.000
1811,92.000
1812,92.000
1813,92.000
1814,92.000
1815,92.000
1816,92.000
1817,92.000
1818,92.000
1819,92.000
1820,92.000
1821,92.000
1822,92.000
1823,92.000
1824,92.000
1825,92.000
1826,92.000
1827,92.000
1828,92.000
1829,92.000
1830,92.000
1831,92.000
1832,92.000
1833,92.000
1834,92.000
1835,92.000
1836,92.000
1837,92.000
1838,92.000
1839,92.000
1840,92.000
1841,92.000
1842,92.000
1843,92.000
1844,92.000
1845,92.000
1846,92.000
1847,92.000
1848,92.000
1849,92.000
1850,92.000
1851,92.000
1852,92.000
1853,92.000
1854,92.000
1855,92.000
1856,92.000
1857,92.000
1858,92.000
1859,92.000
1860,92.000
1861,92.000
1862,92.000
1863,92.000
1864,92.000
1865,92.000
1866,92.000
1867,92.000
1868,92.000
1869,92.000
1870,92.000
1871,92.000
1872,92.000
1873,92.000
1874,92.000
1875,92.000
1876,92.000
1877,92.000
1878,92.000
1879,92.000
1880,92.000
1881,92.000
1882,92.000
1883,92.000
1884,92.000
1885,92.000
1886,92.000
1887,92.000
1888,92.000
1889,92.000
1890,92.000
1891,92.000
1892,92.000
1893,92.000
1894,92.000
1895,92.000
1896,92.000
1897,92.000
1898,92.000
1899,92.000
1900,92.000
1901,92.000
1902,92.000
1903,92.000
1904,92.000
1905,92.000
1906,92.000
1907,92.000
1908,92.000
1909,92.000
1910,92.000
1911,92.000
1912,92.000
1913,92.000
1914,92.000
1915,92.000
1916,92.000
1917,92.000
1918,92.000
1919,92.000
1920,92.000
1921,92.000
1922,92.000
1923,92.000
1924,92.000
1925,92.000
1926,92.000
1927,92.000
1928,92.000
1929,92.000
1930,92.000
1931,92.000
1932,92.000
1933,92.000
1934,92.000
1935,92.000
1936,92.000
1937,92.000
1938,92.000
1939,92.000
1940,92.000
1941,92.000
1942,92.000
1943,92.000
1944,92.000
1945,92.000
1946,92.000
1947,92.000
1948,92.000
1949,92.000
1950,92.000
1951,92.000
1952,92.000
1953,92.000
1954,92.000
1955,92.000
1956,92.000
1957,92.000
1958,92.000
1959,92.000
1960,92.000
1961,92.000
1962,92.000
1963,92.000
1964,92.000
1965,92.000
1966,92.000
1967,92.000
1968,92.000
1969,92.000
1970,92.000
1971,92.000
1972,92.000
1973,92.000
1974,92.000
1975,92.000
1976,92.000
1977,92.000
1978,92.000
1979,92.000
1980,92.000
1981,92.000
1982,92.000
1983,92.000
1984,92.000
1985,92.000
1986,92.000
1987,92.000
1988,92.000
1989,92.000
1990,92.000
1991,92.000
1992,92.000
1993,92.000
1994,92.000
1995,92.000
1996,92.000
1997,92.000
1998,92.000
1999,92.000
2000,92.000
2001,92.000
2002,92.000
2003,92.000
2004,92.000
2005,92.000
2006,92.000
2007,92.000
2008,92.000
2009,92.000
2010,92.000
2011,92.000
2012,92.000
2013,92.000
2014,92.000
2015,92.000
2016,92.000
2017,92.000
2018,92.000
2019,92.000
2020,92.000
2021,92.000
2022,92.000
2023,92.000
2024,92.000
2025,92.000
2026,92.000
2027,92.000
2028,92.000
2029,92.000
2030,92.000
2031,92.000
2032,92.000
2033,92.000
2034,92.000
2035,92.000
2036,92.000
2037,92.000
2038,92.000
2039,92.000
2040,92.000
2041,92.000
2042,92.000
2043,92.000
2044,92.000
2045,92.000
2046,92.000
2047,92.000
2048,92.000
2049,92.000
2050,92.000
2051,92.000
2052,92.000
2053,92.000
2054,92.000
2055,92.000
2056,92.000
2057,92.000
2058,92.000
2059,92.000
2060,92.000
2061,92.000
2062,92.000
2063,92.000
2064,92.000
2065,92.000
2066,92.000
2067,92.000
2068,92.000
2069,92.000
2070,92.000
2071,92.000
2072,92.000
2073,92.000
2074,92.000
2075,92.000
2076,92.000
2077,92.000
2078,92.000
2079,92.000
2080,92.000
2081,92.000
2082,92.000
2083,92.000
2084,92.000
2085,92.000
2086,92.000
2087,92.000
2088,92.000
2089,92.000
2090,92.000
2091,92.000
2092,92.000
2093,92.000
2094,92.000
2095,92.000
2096,92.000
2097,92.000
2098,92.000
2099,92.000
2100,92.000
2101,92.000
2102,92.000
2103,92.000
2104,92.000
2105,92.000
2106,92.000
2107,92.000
2108,92.000
2109,92.000
2110,92.000
2111,92.000
2112,92.000
2113,92.000
2114,92.000
2115,92.000
2116,92.000
2117,92.000
2118,92.000
2119,92.000
2120,92.000
2121,92.000
2122,92.000
2123,92.000
2124,92.000
2125,92.000
2126,92.000
2127,92.000
2128,92.000
2129,92.000
2130,92.000
2131,92.000
2132,92.000
2133,92.000
2134,92.000
2135,92.000
2136,92.000
2137,92.000
2138,92.000
2139,92.000
2140,92.000
2141,92.000
2142,92.000
2143,92.000
2144,92.000
2145,92.000
2146,92.000
2147,92.000
2148,92.000
2149,92.000
2150,92.000
2151,92.000
2152,92.000
2153,92.000
2154,92.000
2155,92.000
2156,92.000
2157,92.000
2158,92.000
2159,92.000
2160,92.000
2161,92.000
2162,92.000
2163,92.000
2164,92.000
2165,92.000
2166,92.000
2167,92.000
2168,92.000
2169,92.000
2170,92.000
2171,92.000
2172,92.000
2173,92.000
2174,92.000
2175,92.000
2176,92.000
2177,92.000
2178,92.000
2179,92.000
2180,92.000
2181,92.000
2182,92.000
2183,92.000
2184,92.000
2185,92.000
2186,92.000
2187,92.000
2188,92.000
2189,92.000
2190,92.000
2191,92.000
2192,92.000
2193,92.000
2194,92.000
2195,92.000
2196,92.000
2197,92.000
2198,92.000
2199,92.000
2200,92.000
2201,92.000
2202,92.000
2203,92.000
2204,92.000
2205,92.000
2206,92.000
2207,92.000
2208,92.000
2209,92.000
2210,92.000
2211,92.000
2212,92.000
2213,92.000
2214,92.000
2215,92.000
2216,92.000
2217,92.000
2218,92.000
2219,92.000
2220,92.000
2221,92.000
2222,92.000
2223,92.000
2224,92.000
2225,92.000
2226,92.000
2227,92.000
2228,92.000
2229,92.000
2230,92.000
2231,92.000
2232,92.000
2233,92.000
2234,92.000
2235,92.000
2236,92.000
2237,92.000
2238,92.000
2239,92.000
2240,92.000
2241,92.000
2242,92.000
2243,92.000
2244,92.000
2245,92.000
2246,92.000
2247,92.000
2248,92.000
2249,92.000
2250,92.000
2251,92.000
2252,92.000
2253,92.000
2254,92.000
2255,92.000
2256,92.000
2257,92.000
2258,92.000
2259,92.000
2260,92.000
2261,92.000
2262,92.000
2263,92.000
2264,92.000
2265,92.000
2266,92.000
2267,92.000
2268,92.000
2269,92.000
2270,92.000
2271,92.000
2272,92.000
2273,92.000
2274,92.000
2275,92.000
2276,92.000
2277,92.000
2278,92.000
2279,92.000
2280,92.000
2281,92.000
2282,92.000
2283,92.000
2284,92.000
2285,92.000
2286,92.000
2287,92.000
2288,92.000
2289,92.000
2290,92.000
2291,92.000
2292,92.000
2293,92.000
2294,92.000
2295,92.000
2296,92.000
2297,92.000
2298,92.000
2299,92.000
2300,92.000
2301,92.000
2302,92.000
2303,92.000
2304,92.000
2305,92.000
2306,92.000
2307,92.000
2308,92.000
2309,92.000
2310,92.000
2311,92.000
2312,92.000
2313,92.000
2314,92.000
2315,92.000
2316,92.000
2317,92.000
2318,92.000
2319,92.000
2320,92.000
2321,92.000
2322,92.000
2323,92.000
2324,92.000
2325,92.000
2326,92.000
2327,92.000
2328,92.000
2329,92.000
2330,92.000
2331,92.000
2332,92.000
2333,92.000
2334,92.000
2335,92.000
2336,92.000
2337,92.000
2338,92.000
2339,92.000
2340,92.000
2341,92.000
2342,92.000
2343,92.000
2344,92.000
2345,92.000
2346,92.000
2347,92.000
2348,92.000
2349,92.000
2350,92.000
2351,92.000
2352,92.000
2353,92.000
2354,92.000
2355,92.000
2356,92.000
2357,92.000
2358,92.000
2359,92.000
2360,92.000
2361,92.000
2362,92.000
2363,92.000
2364,92.000
2365,92.000
2366,92.000
2367,92.000
2368,92.000
2369,92.000
2370,92.000
2371,92.000
2372,92.000
2373,92.000
2374,92.000
2375,92.000
2376,92.000
2377,92.000
2378,92.000
2379,92.000
2380,92.000
2381,92.000
2382,92.000
2383,92.000
2384,92.000
2385,92.000
2386,92.000
2387,92.000
2388,92.000
2389,92.000
2390,92.000
2391,92.000
2392,92.000
2393,92.000
2394,92.000
2395,92.000
2396,92.000
2397,92.000
2398,92.000
2399,92.000
2400,92.000
2401,92.000
2402,92.000
2403,92.000
2404,92.000
2405,92.000
2406,92.000
2407,92.000
2408,92.000
2409,92.000
2410,92.000
2411,92.000
2412,92.000
2413,92.000
2414,92.000
2415,92.000
2416,92.000
2417,92.000
2418,92.000
2419,92.000
2420,92.000
2421,92.000
2422,92.000
2423,92.000
2424,92.000
2425,92.000
2426,92.000
2427,92.000
2428,92.000
2429,92.000
2430,92.000
2431,92.000
2432,92.000
2433,92.000
2434,92.000
2435,92.000
2436,92.000
2437,92.000
2438,92.000
2439,92.000
2440,92.000
2441,92.000
2442,92.000
2443,92.000
2444,92.000
2445,92.000
2446,92.000
2447,92.000
2448,92.000
2449,92.000
2450,92.000
2451,92.000
2452,92.000
2453,92.000
2454,92.000
2455,92.000
2456,92.000
2457,92.000
2458,92.000
2459,92.000
2460,92.000
2461,92.000
2462,92.000
2463,92.000
2464,92.000
2465,92.000
2466,92.000
2467,92.000
2468,92.000
2469,92.000
2470,92.000
2471,92.000
2472,92.000
2473,92.000
2474,92.000
2475,92.000
2476,92.000
2477,92.000
2478,92.000
2479,92.000
2480,92.000
2481,92.000
2482,92.000
2483,92.000
2484,92.000
2485,92.000
2486,92.000
2487,92.000
2488,92.000
2489,92.000
2490,92.000
2491,92.000
2492,92.000
2493,92.000
2494,92.000
2495,92.000
2496,92.000
2497,92.000
2498,92.000
2499,92.000
2500,92.000
2501,92.000
2502,92.000
2503,92.000
2504,92.000
2505,92.000
2506,92.000
2507,92.000
2508,92.000
2509,92.000
2510,92.000
2511,92.000
2512,92.000
2513,92.000
2514,92.000
2515,92.000
2516,92.000
2517,92.000
2518,92.000
2519,92.000
2520,92.000
2521,92.000
2522,92.000
2523,92.000
2524,92.000
2525,92.000
2526,92.000
2527,92.000
2528,92.000
2529,92.000
2530,92.000
2531,92.000
2532,92.000
2533,92.000
2534,92.000
2535,92.000
2536,92.000
2537,92.000
2538,92.000
2539,92.000
2540,92.000
2541,92.000
2542,92.000
2543,92.000
2544,92.000
2545,92.000
2546,92.000
2547,92.000
2548,92.000
2549,92.000
2550,92.000
2551,92.000
2552,92.000
2553,92.000
2554,92.000
2555,92.000
2556,92.000
2557,92.000
2558,92.000
2559,92.000
2560,92.000
2561,92.000
2562,92.000
2563,92.000
2564,92.000
2565,92.000
2566,92.000
2567,92.000
2568,92.000
2569,92.000
2570,92.000
2571,92.000
2572,92.000
2573,92.000
2574,92.000
2575,92.000
2576,92.000
2577,92.000
2578,92.000
2579,92.000
2580,92.000
2581,92.000
2582,92.000
2583,92.000
2584,92.000
2585,92.000
2586,92.000
2587,92.000
2588,92.000
2589,92.000
2590,92.000
2591,92.000
2592,92.000
2593,92.000
2594,92.000
2595,92.000
2596,92.000
2597,92.000
2598,92.000
2599,92.000
2600,92.000
2601,92.000
2602,92.000
2603,92.000
2604,92.000
2605,92.000
2606,92.000
2607,92.000
2608,92.000
2609,92.000
2610,92.000
2611,92.000
2612,92.000
2613,92.000
2614,92.000
2615,92.000
2616,92.000
2617,92.000
2618,92.000
2619,92.000
2620,92.000
2621,92.000
2622,92.000
2623,92.000
2624,92.000
2625,92.000
2626,92.000
2627,92.000
2628,92.000
2629,92.000
2630,92.000
2631,92.000
2632,92.000
2633,92.000
2634,92.000
2635,92.000
2636,92.000
2637,92.000
2638,92.000
2639,92.000
2640,92.000
2641,92.000
2642,92.000
2643,92.000
2644,92.000
2645,92.000
2646,92.000
2647,92.000
2648,92.000
2649,92.000
2650,92.000
2651,92.000
2652,92.000
2653,92.000
2654,92.000
2655,92.000
2656,92.000
2657,92.000
2658,92.000
2659,92.000
2660,92.000
2661,92.000
2662,92.000
2663,92.000
2664,92.000
2665,92.000
2666,92.000
2667,92.000
2668,92.000
2669,92.000
2670,92.000
2671,92.000
2672,92.000
2673,92.000
2674,92.000
2675,92.000
2676,92.000
2677,92.000
2678,92.000
2679,92.000
2680,92.000
2681,92.000
2682,92.000
2683,92.000
2684,92.000
2685,92.000
2686,92.000
2687,92.000
2688,92.000
2689,92.000
2690,92.000
2691,92.000
2692,92.000
2693,92.000
2694,92.000
2695,92.000
2696,92.000
2697,92.000
2698,92.000
2699,92.000
2700,92.000
2701,92.000
2702,92.000
2703,92.000
2704,92.000
2705,92.000
2706,92.000
2707,92.000
2708,92.000
2709,92.000
2710,92.000
2711,92.000
2712,92.000
2713,92.000
2714,92.000
2715,92.000
2716,92.000
2717,92.000
2718,92.000
2719,92.000
2720,92.000
2721,92.000
2722,92.000
2723,92.000
2724,92.000
2725,92.000
2726,92.000
2727,92.000
2728,93.000
2729,93.000
2730,93.000
2731,93.000
2732,93.000
2733,93.000
2734,93.000
2735,93.000
2736,93.000
2737,93.000
2738,93.000
2739,93.000
2740,93.000
2741,93.000
2742,93.000
2743,93.000
2744,93.000
2745,93.000
2746,93.000
2747,93.000
2748,93.000
2749,93.000
2750,93.000
2751,93.000
2752,93.000
2753,92.000
2754,92.000
2755,92.000
2756,92.000
2757,92.000
2758,92.000
2759,92.000
2760,92.000
2761,92.000
2762,92.000
2763,92.000
2764,92.000
2765,92.000
2766,92.000
2767,92.000
2768,92.000
2769,92.000
2770,92.000
2771,92.000
2772,92.000
2773,92.000
2774,92.000
2775,92.000
2776,92.000
2777,92.000
2778,92.000
2779,92.000
2780,92.000
2781,92.000
2782,92.000
2783,92.000
2784,92.000
2785,92.000
2786,92.000
2787,92.000
2788,92.000
2789,92.000
2790,92.000
2791,92.000
2792,92.000
2793,92.000
2794,92.000
2795,92.000
2796,92.000
2797,92.000
2798,92.000
2799,92.000
2800,92.000
2801,92.000
2802,92.000
2803,92.000
2804,92.000
2805,92.000
2806,92.000
2807,92.000
2808,92.000
2809,92.000
2810,92.000
2811,92.000
2812,92.000
2813,92.000
2814,92.000
2815,92.000
2816,92.000
2817,92.000
2818,92.000
2819,92.000
2820,92.000
2821,92.000
2822,92.000
2823,92.000
2824,92.000
2825,92.000
2826,92.000
2827,92.000
2828,92.000
2829,92.000
2830,92.000
2831,92.000
2832,92.000
2833,92.000
2834,92.000
2835,92.000
2836,92.000
2837,92.000
2838,92.000
2839,92.000
2840,92.000
2841,92.000
2842,92.000
2843,92.000
2844,92.000
2845,92.000
2846,92.000
2847,92.000
2848,92.000
2849,92.000
2850,92.000
2851,92.000
2852,92.000
2853,92.000
2854,92.000
2855,92.000
2856,92.000
2857,92.000
2858,92.000
2859,92.000
2860,92.000
2861,92.000
2862,92.000
2863,92.000
2864,92.000
2865,92.000
2866,92.000
2867,92.000
2868,92.000
2869,92.000
2870,92.000
2871,92.000
2872,92.000
2873,92.000
2874,92.000
2875,92.000
2876,92.000
2877,92.000
2878,92.000
2879,92.000
2880,92.000
2881,92.000
2882,92.000
2883,92.000
2884,92.000
2885,92.000
2886,92.000
2887,92.000
2888,92.000
2889,92.000
2890,92.000
2891,92.000
2892,92.000
2893,92.000
2894,92.000
2895,92.000
2896,92.000
2897,92.000
2898,92.000
2899,92.000
2900,92.000
2901,92.000
2902,92.000
2903,92.000
2904,92.000
2905,92.000
2906,92.000
2907,92.000
2908,92.000
2909,92.000
2910,92.000
2911,92.000
2912,92.000
2913,92.000
2914,92.000
2915,92.000
2916,92.000
2917,92.000
2918,92.000
2919,92.000
2920,92.000
2921,92.000
2922,92.000
2923,92.000
2924,92.000
2925,92.000
2926,92.000
2927,92.000
2928,92.000
2929,92.000
2930,92.000
2931,92.000
2932,92.000
2933,92.000
2934,92.000
2935,92.000
2936,92.000
2937,92.000
2938,92.000
2939,92.000
2940,92.000
2941,92.000
2942,92.000
2943,92.000
2944,92.000
2945,92.000
2946,92.000
2947,92.000
2948,92.000
2949,92.000
2950,92.000
2951,92.000
2952,92.000
2953,92.000
2954,92.000
2955,92.000
2956,92.000
2957,92.000
2958,92.000
2959,92.000
2960,92.000
2961,92.000
2962,92.000
2963,92.000
2964,92.000
2965,92.000
2966,92.000
2967,92.000
2968,92.000
2969,92.000
2970,92.000
2971,92.000
2972,92.000
2973,92.000
2974,92.000
2975,92.000
2976,92.000
2977,92.000
2978,92.000
2979,92.000
2980,92.000
2981,92.000
2982,92.000
2983,92.000
2984,92.000
2985,92.000
2986,92.000
2987,92.000
2988,92.000
2989,92.000
2990,92.000
2991,92.000
2992,92.000
2993,92.000
2994,92.000
2995,92.000
2996,92.000
2997,92.000
2998,92.000
2999,92.000
3000,92.000
3001,92.000
3002,92.000
3003,92.000
3004,92.000
3005,93.000
3006,93.000
3007,93.000
3008,93.000
3009,93.000
3010,93.000
3011,93.000
3012,93.000
3013,93.000
3014,93.000
3015,93.000
3016,93.000
3017,92.000
3018,92.000
3019,92.000
3020,92.000
3021,92.000
3022,92.000
3023,92.000
3024,92.000
3025,92.000
3026,92.000
3027,92.000
3028,92.000
3029,92.000
3030,92.000
3031,92.000
3032,92.000
3033,92.000
3034,92.000
3035,92.000
3036,92.000
3037,92.000
3038,92.000
3039,92.000
3040,92.000
3041,92.000
3042,92.000
3043,92.000
3044,92.000
3045,92.000
3046,92.000
3047,92.000
3048,92.000
3049,92.000
3050,92.000
3051,92.000
3052,92.000
3053,92.000
3054,92.000
3055,92.000
3056,92.000
3057,92.000
3058,92.000
3059,92.000
3060,92.000
3061,92.000
3062,92.000
3063,92.000
3064,92.000
3065,92.000
3066,92.000
3067,92.000
3068,92.000
3069,92.000
3070,92.000
3071,92.000
3072,92.000
3073,92.000
3074,92.000
3075,92.000
3076,92.000
3077,92.000
3078,92.000
3079,92.000
3080,92.000
3081,92.000
3082,92.000
3083,92.000
3084,92.000
3085,92.000
3086,92.000
3087,92.000
3088,92.000
3089,92.000
3090,92.000
3091,92.000
3092,92.000
3093,92.000
3094,92.000
3095,92.000
3096,92.000
3097,92.000
3098,92.000
3099,92.000
3100,92.000
3101,92.000
3102,92.000
3103,92.000
3104,92.000
3105,92.000
3106,92.000
3107,92.000
3108,92.000
3109,92.000
3110,92.000
3111,91.000
3112,91.000
3113,91.000
3114,91.000
3115,92.000
3116,92.000
3117,92.000
3118,91.000
3119,91.000
3120,91.000
3121,91.000
3122,91.000
3123,91.000
3124,91.000
3125,91.000
3126,91.000
3127,91.000
3128,91.000
3129,91.000
3130,91.000
3131,91.000
3132,91.000
3133,91.000
3134,91.000
3135,91.000
3136,91.000
3137,91.000
3138,91.000
3139,91.000
3140,91.000
3141,91.000
3142,91.000
3143,91.000
3144,91.000
3145,91.000
3146,91.000
3147,91.000
3148,91.000
3149,91.000
3150,91.000
3151,91.000
3152,91.000
3153,91.000
3154,91.000
3155,91.000
3156,91.000
3157,91.000
3158,91.000
3159,91.000
3160,91.000
3161,91.000
3162,91.000
3163,91.000
3164,91.000
3165,91.000
3166,91.000
3167,91.000
3168,91.000
3169,91.000
3170,91.000
3171,91.000
3172,91.000
3173,91.000
3174,91.000
3175,91.000
3176,91.000
3177,91.000
3178,91.000
3179,91.000
3180,91.000
3181,91.000
3182,91.000
3183,91.000
3184,91.000
3185,91.000
3186,91.000
3187,91.000
3188,91.000
3189,91.000
3190,91.000
3191,91.000
3192,91.000
3193,91.000
3194,91.000
3195,91.000
3196,91.000
3197,91.000
3198,91.000
3199,91.000
3200,91.000
3201,91.000
3202,91.000
3203,91.000
3204,91.000
3205,91.000
3206,91.000
3207,91.000
3208,91.000
3209,91.000
3210,91.000
3211,91.000
3212,91.000
3213,91.000
3214,91.000
3215,91.000
3216,91.000
3217,91.000
3218,91.000
3219,91.000
3220,91.000
3221,91.000
3222,91.000
3223,91.000
3224,91.000
3225,91.000
3226,91.000
3227,91.000
3228,91.000
3229,91.000
3230,91.000
3231,91.000
3232,91.000
3233,91.000
3234,91.000
3235,91.000
3236,91.000
3237,91.000
3238,91.000
3239,91.000
3240,91.000
3241,91.000
3242,91.000
3243,91.000
3244,91.000
3245,91.000
3246,91.000
3247,91.000
3248,91.000
3249,91.000
3250,91.000
3251,92.000
3252,92.000
3253,92.000
3254,92.000
3255,92.000
3256,92.000
3257,92.000
3258,92.000
3259,92.000
3260,92.000
3261,92.000
3262,92.000
3263,92.000
3264,92.000
3265,92.000
3266,92.000
3267,92.000
3268,92.000
3269,92.000
3270,92.000
3271,92.000
3272,92.000
3273,92.000
3274,92.000
3275,92.000
3276,92.000
3277,92.000
3278,92.000
3279,92.000
3280,92.000
3281,92.000
3282,92.000
3283,92.000
3284,92.000
3285,92.000
3286,92.000
3287,92.000
3288,92.000
3289,92.000
3290,92.000
3291,92.000
3292,92.000
3293,92.000
3294,92.000
3295,92.000
3296,92.000
3297,92.000
3298,92.000
3299,92.000
3300,92.000
3301,92.000
3302,92.000
3303,92.000
3304,92.000
3305,92.000
3306,92.000
3307,92.000
3308,92.000
3309,92.000
3310,92.000
3311,92.000
3312,92.000
3313,92.000
3314,92.000
3315,92.000
3316,92.000
3317,92.000
3318,92.000
3319,92.000
3320,92.000
3321,92.000
3322,92.000
3323,92.000
3324,92.000
3325,92.000
3326,92.000
3327,92.000
3328,92.000
3329,92.000
3330,92.000
3331,92.000
3332,92.000
3333,92.000
3334,92.000
3335,92.000
3336,92.000
3337,92.000
3338,92.000
3339,92.000
3340,92.000
3341,92.000
3342,92.000
3343,92.000
3344,92.000
3345,92.000
3346,92.000
3347,92.000
3348,92.000
3349,92.000
3350,92.000
3351,92.000
3352,92.000
3353,92.000
3354,92.000
3355,92.000
3356,92.000
3357,92.000
3358,92.000
3359,92.000
3360,92.000
3361,92.000
3362,92.000
3363,92.000
3364,92.000
3365,92.000
3366,92.000
3367,92.000
3368,92.000
3369,92.000
3370,92.000
3371,92.000
3372,92.000
3373,92.000
3374,92.000
3375,92.000
3376,92.000
3377,92.000
3378,92.000
3379,92.000
3380,92.000
3381,92.000
3382,92.000
3383,92.000
3384,92.000
3385,92.000
3386,92.000
3387,92.000
3388,92.000
3389,92.000
3390,92.000
3391,92.000
3392,92.000
3393,92.000
3394,92.000
3395,92.000
3396,92.000
3397,92.000
3398,92.000
3399,92.000
3400,92.000
3401,92.000
3402,92.000
3403,92.000
3404,92.000
3405,92.000
3406,92.000
3407,92.000
3408,92.000
3409,92.000
3410,92.000
3411,92.000
3412,92.000
3413,92.000
3414,92.000
3415,92.000
3416,92.000
3417,92.000
3418,92.000
3419,92.000
3420,92.000
3421,92.000
3422,92.000
3423,92.000
3424,92.000
3425,92.000
3426,92.000
3427,92.000
3428,92.000
3429,92.000
3430,92.000
3431,92.000
3432,92.000
3433,92.000
3434,92.000
3435,92.000
3436,92.000
3437,92.000
3438,92.000
3439,92.000
3440,92.000
3441,92.000
3442,92.000
3443,92.000
3444,92.000
3445,92.000
3446,92.000
3447,92.000
3448,92.000
3449,92.000
3450,92.000
3451,92.000
3452,92.000
3453,92.000
3454,92.000
3455,92.000
3456,92.000
3457,92.000
3458,92.000
3459,92.000
3460,92.000
3461,92.000
3462,92.000
3463,92.000
3464,92.000
3465,92.000
3466,92.000
3467,92.000
3468,92.000
3469,92.000
3470,92.000
3471,92.000
3472,92.000
3473,92.000
3474,92.000
3475,92.000
3476,92.000
3477,92.000
3478,92.000
3479,92.000
3480,92.000
3481,92.000
3482,92.000
3483,92.000
3484,92.000
3485,92.000
3486,92.000
3487,92.000
3488,92.000
3489,92.000
3490,92.000
3491,92.000
3492,92.000
3493,92.000
3494,92.000
3495,92.000
3496,92.000
3497,92.000
3498,92.000
3499,92.000
3500,92.000
3501,92.000
3502,92.000
3503,92.000
3504,92.000
3505,92.000
3506,92.000
3507,92.000
3508,92.000
3509,92.000
3510,92.000
3511,92.000
3512,92.000
3513,92.000
3514,92.000
3515,92.000
