'sample interval','ECGLeadI'
'0.008 sec','mV'
0,0.664
1,0.729
2,0.738
3,0.613
4,0.582
5,0.596
6,0.598
7,0.607
8,0.613
9,0.629
10,0.400
11,1.371
12,1.887
13,-0.129
14,0.391
15,0.727
16,0.734
17,0.744
18,0.750
19,0.770
20,0.791
21,0.811
22,0.828
23,0.844
24,0.865
25,0.875
26,0.881
27,0.875
28,0.885
29,0.881
30,0.885
31,0.869
32,0.844
33,0.801
34,0.750
35,0.686
36,0.654
37,0.621
38,0.623
39,0.607
40,0.621
41,0.629
42,0.670
43,0.713
44,0.738
45,0.629
46,0.590
47,0.596
48,0.605
49,0.613
50,0.629
51,0.635
52,0.424
53,1.121
54,1.812
55,0.008
56,-0.008
57,0.734
58,0.738
59,0.754
60,0.760
61,0.779
62,0.791
63,0.816
64,0.824
65,0.850
66,0.859
67,0.885
68,0.891
69,0.893
70,0.906
71,0.906
72,0.908
73,0.906
74,0.881
75,0.828
76,0.775
77,0.713
78,0.674
79,0.635
80,0.629
81,0.613
82,0.623
83,0.621
84,0.660
85,0.711
86,0.750
87,0.645
88,0.596
89,0.596
90,0.607
91,0.613
92,0.635
93,0.639
94,0.459
95,0.922
96,1.881
97,0.107
98,-0.057
99,0.701
100,0.734
101,0.734
102,0.750
103,0.770
104,0.775
105,0.801
106,0.818
107,0.844
108,0.840
109,0.875
110,0.881
111,0.891
112,0.885
113,0.906
114,0.893
115,0.900
116,0.875
117,0.844
118,0.775
119,0.713
120,0.664
121,0.645
122,0.621
123,0.613
124,0.621
125,0.607
126,0.645
127,0.695
128,0.738
129,0.629
130,0.574
131,0.580
132,0.598
133,0.598
134,0.607
135,0.607
136,0.453
137,0.434
138,1.902
139,0.129
140,-0.107
141,0.686
142,0.734
143,0.734
144,0.754
145,0.766
146,0.785
147,0.801
148,0.824
149,0.850
150,0.859
151,0.881
152,0.881
153,0.885
154,0.885
155,0.900
156,0.885
157,0.881
158,0.855
159,0.818
160,0.744
161,0.703
162,0.648
163,0.629
164,0.607
165,0.613
166,0.607
167,0.623
168,0.645
169,0.688
170,0.729
171,0.660
172,0.580
173,0.574
174,0.596
175,0.598
176,0.607
177,0.621
178,0.475
179,0.418
180,1.932
181,0.232
182,-0.092
183,0.680
184,0.734
185,0.734
186,0.760
187,0.766
188,0.779
189,0.795
190,0.818
191,0.844
192,0.865
193,0.881
194,0.885
195,0.900
196,0.906
197,0.908
198,0.916
199,0.906
200,0.885
201,0.840
202,0.775
203,0.727
204,0.680
205,0.639
206,0.629
207,0.623
208,0.613
209,0.621
210,0.635
211,0.688
212,0.738
213,0.686
214,0.582
215,0.590
216,0.607
217,0.621
218,0.629
219,0.639
220,0.518
221,0.402
222,1.893
223,0.418
224,-0.082
225,0.670
226,0.738
227,0.754
228,0.770
229,0.766
230,0.791
231,0.795
232,0.824
233,0.850
234,0.881
235,0.881
236,0.900
237,0.908
238,0.916
239,0.916
240,0.932
241,0.908
242,0.885
243,0.844
244,0.779
245,0.719
246,0.660
247,0.623
248,0.607
249,0.596
250,0.596
251,0.598
252,0.621
253,0.660
254,0.701
255,0.639
256,0.549
257,0.555
258,0.559
259,0.574
260,0.580
261,0.596
262,0.475
263,0.375
264,1.871
265,0.391
266,-0.137
267,0.621
268,0.719
269,0.729
270,0.734
271,0.754
272,0.775
273,0.795
274,0.816
275,0.840
276,0.859
277,0.869
278,0.881
279,0.885
280,0.891
281,0.885
282,0.893
283,0.885
284,0.891
285,0.828
286,0.779
287,0.713
288,0.670
289,0.629
290,0.621
291,0.621
292,0.621
293,0.621
294,0.645
295,0.686
296,0.744
297,0.686
298,0.590
299,0.590
300,0.596
301,0.607
302,0.613
303,0.629
304,0.533
305,0.418
306,1.848
307,0.613
308,-0.047
309,0.654
310,0.734
311,0.750
312,0.766
313,0.785
314,0.779
315,0.816
316,0.824
317,0.844
318,0.875
319,0.891
320,0.891
321,0.908
322,0.916
323,0.932
324,0.924
325,0.922
326,0.924
327,0.844
328,0.803
329,0.738
330,0.688
331,0.645
332,0.639
333,0.607
334,0.607
335,0.621
336,0.648
337,0.686
338,0.729
339,0.639
340,0.570
341,0.559
342,0.574
343,0.582
344,0.582
345,0.596
346,0.449
347,0.377
348,1.912
349,0.232
350,-0.178
351,0.607
352,0.695
353,0.703
354,0.711
355,0.729
356,0.750
357,0.775
358,0.791
359,0.816
360,0.828
361,0.850
362,0.855
363,0.875
364,0.875
365,0.891
366,0.881
367,0.881
368,0.855
369,0.811
370,0.754
371,0.701
372,0.645
373,0.621
374,0.607
375,0.598
376,0.607
377,0.598
378,0.635
379,0.670
380,0.734
381,0.660
382,0.574
383,0.564
384,0.582
385,0.582
386,0.607
387,0.607
388,0.500
389,0.385
390,1.893
391,0.375
392,-0.107
393,0.670
394,0.727
395,0.738
396,0.760
397,0.766
398,0.760
399,0.801
400,0.816
401,0.828
402,0.855
403,0.875
404,0.869
405,0.906
406,0.906
407,0.922
408,0.922
409,0.932
410,0.893
411,0.855
412,0.779
413,0.734
414,0.680
415,0.654
416,0.635
417,0.623
418,0.596
419,0.607
420,0.660
421,0.688
422,0.734
423,0.686
424,0.598
425,0.590
426,0.607
427,0.629
428,0.645
429,0.639
430,0.514
431,0.418
432,2.002
433,0.354
434,-0.115
435,0.645
436,0.734
437,0.727
438,0.744
439,0.750
440,0.770
441,0.775
442,0.803
443,0.811
444,0.824
445,0.834
446,0.828
447,0.844
448,0.840
449,0.855
450,0.859
451,0.850
452,0.828
453,0.785
454,0.727
455,0.670
456,0.623
457,0.605
458,0.582
459,0.590
460,0.582
461,0.590
462,0.613
463,0.664
464,0.711
465,0.670
466,0.570
467,0.559
468,0.580
469,0.596
470,0.605
471,0.621
472,0.549
473,0.393
474,1.766
475,1.775
476,-0.057
477,0.596
478,0.727
479,0.727
480,0.744
481,0.754
482,0.775
483,0.795
484,0.818
485,0.834
486,0.859
487,0.865
488,0.891
489,0.891
490,0.906
491,0.916
492,0.932
493,0.922
494,0.906
495,0.865
496,0.803
497,0.734
498,0.686
499,0.654
500,0.629
501,0.621
502,0.607
503,0.621
504,0.645
505,0.688
506,0.738
507,0.760
508,0.621
509,0.607
510,0.605
511,0.648
512,0.645
513,0.660
514,0.623
515,0.475
516,1.592
517,1.971
518,-0.066
519,0.533
520,0.760
521,0.779
522,0.775
523,0.795
524,0.801
525,0.828
526,0.840
527,0.859
528,0.881
529,0.881
530,0.893
531,0.900
532,0.916
533,0.908
534,0.924
535,0.908
536,0.900
537,0.850
538,0.795
539,0.713
540,0.670
541,0.623
542,0.621
543,0.596
544,0.598
545,0.605
546,0.629
547,0.654
548,0.713
549,0.729
550,0.605
551,0.574
552,0.582
553,0.598
554,0.596
555,0.613
556,0.607
557,0.385
558,1.232
559,1.893
560,-0.107
561,0.385
562,0.719
563,0.734
564,0.744
565,0.770
566,0.775
567,0.801
568,0.811
569,0.840
570,0.850
571,0.881
572,0.891
573,0.906
574,0.916
575,0.922
576,0.932
577,0.934
578,0.922
579,0.885
580,0.828
581,0.766
582,0.713
583,0.664
584,0.639
585,0.629
586,0.635
587,0.623
588,0.639
589,0.664
590,0.711
591,0.754
592,0.701
593,0.607
594,0.605
595,0.621
596,0.635
597,0.639
598,0.648
599,0.559
600,0.434
601,1.863
602,0.598
603,-0.047
604,0.664
605,0.760
606,0.754
607,0.779
608,0.775
609,0.801
610,0.818
611,0.844
612,0.855
613,0.885
614,0.900
615,0.922
616,0.916
617,0.932
618,0.934
619,0.949
620,0.934
621,0.922
622,0.869
623,0.818
624,0.760
625,0.703
626,0.674
627,0.660
628,0.648
629,0.639
630,0.635
631,0.648
632,0.680
633,0.729
634,0.770
635,0.660
636,0.621
637,0.621
638,0.645
639,0.635
640,0.639
641,0.654
642,0.514
643,0.475
644,1.961
645,0.244
646,-0.041
647,0.734
648,0.775
649,0.785
650,0.801
651,0.816
652,0.824
653,0.850
654,0.869
655,0.891
656,0.900
657,0.922
658,0.924
659,0.949
660,0.939
661,0.955
662,0.949
663,0.955
664,0.932
665,0.885
666,0.818
667,0.766
668,0.703
669,0.674
670,0.654
671,0.645
672,0.635
673,0.639
674,0.660
675,0.695
676,0.760
677,0.719
678,0.613
679,0.605
680,0.621
681,0.621
682,0.639
683,0.635
684,0.645
685,0.428
686,1.555
687,1.932
688,-0.107
689,0.508
690,0.770
691,0.766
692,0.785
693,0.791
694,0.816
695,0.828
696,0.855
697,0.875
698,0.900
699,0.908
700,0.924
701,0.932
702,0.924
703,0.932
704,0.932
705,0.934
706,0.916
707,0.893
708,0.834
709,0.785
710,0.727
711,0.695
712,0.674
713,0.670
714,0.660
715,0.664
716,0.660
717,0.703
718,0.738
719,0.791
720,0.701
721,0.635
722,0.635
723,0.645
724,0.660
725,0.664
726,0.674
727,0.555
728,0.465
729,1.928
730,0.439
731,-0.057
732,0.711
733,0.775
734,0.785
735,0.791
736,0.803
737,0.816
738,0.844
739,0.859
740,0.885
741,0.891
742,0.922
743,0.916
744,0.932
745,0.934
746,0.955
747,0.959
748,0.955
749,0.934
750,0.893
751,0.828
752,0.770
753,0.729
754,0.688
755,0.664
756,0.654
757,0.645
758,0.654
759,0.664
760,0.688
761,0.760
762,0.775
763,0.648
764,0.623
765,0.639
766,0.645
767,0.664
768,0.674
769,0.670
770,0.443
771,1.348
772,1.969
773,-0.051
774,0.416
775,0.775
776,0.791
777,0.775
778,0.803
779,0.816
780,0.824
781,0.840
782,0.865
783,0.875
784,0.891
785,0.893
786,0.908
787,0.900
788,0.908
789,0.906
790,0.916
791,0.885
792,0.865
793,0.803
794,0.754
795,0.688
796,0.654
797,0.623
798,0.621
799,0.623
800,0.621
801,0.635
802,0.654
803,0.688
804,0.750
805,0.760
806,0.605
807,0.598
808,0.607
809,0.621
810,0.623
811,0.645
812,0.598
813,0.465
814,1.691
815,1.902
816,-0.039
817,0.596
818,0.766
819,0.770
820,0.775
821,0.791
822,0.801
823,0.818
824,0.840
825,0.869
826,0.885
827,0.900
828,0.916
829,0.916
830,0.932
831,0.934
832,0.949
833,0.939
834,0.932
835,0.891
836,0.840
837,0.775
838,0.727
839,0.674
840,0.664
841,0.639
842,0.645
843,0.639
844,0.648
845,0.670
846,0.719
847,0.770
848,0.701
849,0.613
850,0.607
851,0.629
852,0.623
853,0.645
854,0.639
855,0.539
856,0.428
857,1.906
858,0.439
859,-0.057
860,0.686
861,0.766
862,0.766
863,0.779
864,0.785
865,0.803
866,0.818
867,0.840
868,0.855
869,0.881
870,0.891
871,0.906
872,0.916
873,0.922
874,0.932
875,0.932
876,0.924
877,0.906
878,0.859
879,0.801
880,0.738
881,0.688
882,0.660
883,0.629
884,0.621
885,0.607
886,0.621
887,0.623
888,0.670
889,0.713
890,0.744
891,0.629
892,0.596
893,0.598
894,0.621
895,0.623
896,0.635
897,0.639
898,0.418
899,1.166
900,1.781
901,-0.031
902,0.369
903,0.734
904,0.744
905,0.754
906,0.770
907,0.791
908,0.801
909,0.824
910,0.834
911,0.865
912,0.875
913,0.893
914,0.891
915,0.906
916,0.906
917,0.924
918,0.916
919,0.908
920,0.875
921,0.828
922,0.770
923,0.719
924,0.664
925,0.629
926,0.613
927,0.607
928,0.621
929,0.607
930,0.645
931,0.670
932,0.738
933,0.701
934,0.598
935,0.582
936,0.596
937,0.596
938,0.613
939,0.621
940,0.570
941,0.424
942,1.707
943,1.828
944,-0.062
945,0.559
946,0.734
947,0.744
948,0.754
949,0.766
950,0.775
951,0.791
952,0.816
953,0.840
954,0.855
955,0.881
956,0.869
957,0.891
958,0.891
959,0.900
960,0.900
961,0.906
962,0.881
963,0.855
964,0.785
965,0.734
966,0.674
967,0.639
968,0.613
969,0.607
970,0.605
971,0.607
972,0.607
973,0.639
974,0.688
975,0.734
976,0.664
977,0.582
978,0.582
979,0.598
980,0.607
981,0.607
982,0.623
983,0.475
984,0.402
985,1.906
986,0.254
987,-0.107
988,0.686
989,0.734
990,0.744
991,0.750
992,0.770
993,0.785
994,0.811
995,0.818
996,0.844
997,0.865
998,0.881
999,0.891
1000,0.900
1001,0.908
1002,0.924
1003,0.932
1004,0.922
1005,0.900
1006,0.855
1007,0.801
1008,0.734
1009,0.695
1010,0.639
1011,0.623
1012,0.621
1013,0.613
1014,0.613
1015,0.635
1016,0.670
1017,0.734
1018,0.750
1019,0.607
1020,0.582
1021,0.598
1022,0.607
1023,0.613
1024,0.635
1025,0.607
1026,0.416
1027,1.439
1028,1.912
1029,-0.092
1030,0.465
1031,0.719
1032,0.750
1033,0.754
1034,0.775
1035,0.785
1036,0.803
1037,0.816
1038,0.850
1039,0.855
1040,0.881
1041,0.885
1042,0.906
1043,0.906
1044,0.916
1045,0.916
1046,0.916
1047,0.900
1048,0.869
1049,0.803
1050,0.754
1051,0.695
1052,0.660
1053,0.635
1054,0.623
1055,0.621
1056,0.613
1057,0.629
1058,0.648
1059,0.701
1060,0.738
1061,0.680
1062,0.590
1063,0.598
1064,0.605
1065,0.621
1066,0.623
1067,0.648
1068,0.506
1069,0.408
1070,1.959
1071,0.363
1072,-0.082
1073,0.688
1074,0.744
1075,0.738
1076,0.760
1077,0.770
1078,0.791
1079,0.803
1080,0.824
1081,0.844
1082,0.869
1083,0.885
1084,0.906
1085,0.900
1086,0.916
1087,0.922
1088,0.932
1089,0.922
1090,0.908
1091,0.855
1092,0.801
1093,0.738
1094,0.680
1095,0.645
1096,0.635
1097,0.621
1098,0.607
1099,0.621
1100,0.629
1101,0.670
1102,0.729
1103,0.750
1104,0.613
1105,0.596
1106,0.605
1107,0.607
1108,0.613
1109,0.635
1110,0.605
1111,0.418
1112,1.396
1113,1.887
1114,-0.098
1115,0.480
1116,0.744
1117,0.754
1118,0.760
1119,0.775
1120,0.791
1121,0.811
1122,0.824
1123,0.844
1124,0.859
1125,0.881
1126,0.893
1127,0.900
1128,0.908
1129,0.916
1130,0.922
1131,0.916
1132,0.908
1133,0.875
1134,0.824
1135,0.760
1136,0.713
1137,0.660
1138,0.639
1139,0.621
1140,0.623
1141,0.613
1142,0.629
1143,0.648
1144,0.711
1145,0.738
1146,0.660
1147,0.590
1148,0.605
1149,0.613
1150,0.621
1151,0.629
1152,0.639
1153,0.492
1154,0.439
1155,1.932
1156,0.232
1157,-0.072
1158,0.701
1159,0.750
1160,0.744
1161,0.770
1162,0.775
1163,0.811
1164,0.816
1165,0.844
1166,0.855
1167,0.881
1168,0.875
1169,0.893
1170,0.908
1171,0.922
1172,0.922
1173,0.932
1174,0.924
1175,0.893
1176,0.844
1177,0.795
1178,0.738
1179,0.688
1180,0.664
1181,0.629
1182,0.621
1183,0.613
1184,0.623
1185,0.654
1186,0.688
1187,0.750
1188,0.688
1189,0.596
1190,0.607
1191,0.607
1192,0.621
1193,0.629
1194,0.639
1195,0.523
1196,0.385
1197,1.855
1198,0.506
1199,-0.137
1200,0.598
1201,0.727
1202,0.729
1203,0.734
1204,0.744
1205,0.775
1206,0.779
1207,0.801
1208,0.818
1209,0.844
1210,0.850
1211,0.865
1212,0.865
1213,0.869
1214,0.865
1215,0.875
1216,0.865
1217,0.859
1218,0.816
1219,0.760
1220,0.703
1221,0.660
1222,0.613
1223,0.607
1224,0.598
1225,0.596
1226,0.605
1227,0.598
1228,0.645
1229,0.703
1230,0.727
1231,0.582
1232,0.570
1233,0.574
1234,0.590
1235,0.596
1236,0.607
1237,0.590
1238,0.393
1239,1.439
1240,1.912
1241,-0.115
1242,0.465
1243,0.713
1244,0.729
1245,0.738
1246,0.760
1247,0.766
1248,0.785
1249,0.803
1250,0.828
1251,0.844
1252,0.865
1253,0.881
1254,0.885
1255,0.893
1256,0.900
1257,0.916
1258,0.908
1259,0.906
1260,0.865
1261,0.828
1262,0.760
1263,0.703
1264,0.654
1265,0.639
1266,0.623
1267,0.623
1268,0.613
1269,0.629
1270,0.660
1271,0.727
1272,0.750
1273,0.639
1274,0.582
1275,0.605
1276,0.621
1277,0.607
1278,0.621
1279,0.621
1280,0.428
1281,1.061
1282,1.816
1283,0.039
1284,0.002
1285,0.729
1286,0.760
1287,0.766
1288,0.795
1289,0.785
1290,0.811
1291,0.818
1292,0.844
1293,0.869
1294,0.891
1295,0.906
1296,0.922
1297,0.932
1298,0.945
1299,0.955
1300,0.955
1301,0.932
1302,0.916
1303,0.865
1304,0.795
1305,0.734
1306,0.674
1307,0.660
1308,0.621
1309,0.621
1310,0.598
1311,0.639
1312,0.654
1313,0.729
1314,0.750
1315,0.629
1316,0.596
1317,0.607
1318,0.607
1319,0.613
1320,0.621
1321,0.623
1322,0.402
1323,1.121
1324,1.822
1325,-0.051
1326,-0.072
1327,0.686
1328,0.727
1329,0.719
1330,0.744
1331,0.750
1332,0.775
1333,0.785
1334,0.816
1335,0.824
1336,0.844
1337,0.850
1338,0.865
1339,0.865
1340,0.881
1341,0.885
1342,0.891
1343,0.881
1344,0.850
1345,0.801
1346,0.750
1347,0.688
1348,0.645
1349,0.621
1350,0.607
1351,0.605
1352,0.607
1353,0.623
1354,0.648
1355,0.703
1356,0.734
1357,0.654
1358,0.582
1359,0.596
1360,0.598
1361,0.613
1362,0.607
1363,0.635
1364,0.469
1365,0.424
1366,1.918
1367,0.238
1368,-0.082
1369,0.703
1370,0.750
1371,0.744
1372,0.766
1373,0.779
1374,0.791
1375,0.811
1376,0.828
1377,0.855
1378,0.875
1379,0.891
1380,0.906
1381,0.906
1382,0.916
1383,0.916
1384,0.932
1385,0.916
1386,0.908
1387,0.855
1388,0.801
1389,0.738
1390,0.688
1391,0.645
1392,0.639
1393,0.629
1394,0.635
1395,0.645
1396,0.674
1397,0.713
1398,0.770
1399,0.680
1400,0.607
1401,0.613
1402,0.629
1403,0.645
1404,0.654
1405,0.670
1406,0.539
1407,0.449
1408,1.953
1409,0.416
1410,-0.072
1411,0.686
1412,0.770
1413,0.766
1414,0.785
1415,0.801
1416,0.811
1417,0.840
1418,0.844
1419,0.865
1420,0.881
1421,0.906
1422,0.906
1423,0.922
1424,0.924
1425,0.934
1426,0.924
1427,0.908
1428,0.885
1429,0.828
1430,0.775
1431,0.703
1432,0.645
1433,0.607
1434,0.598
1435,0.582
1436,0.590
1437,0.582
1438,0.629
1439,0.660
1440,0.703
1441,0.635
1442,0.559
1443,0.555
1444,0.580
1445,0.582
1446,0.596
1447,0.598
1448,0.490
1449,0.369
1450,1.938
1451,0.475
1452,-0.129
1453,0.645
1454,0.727
1455,0.734
1456,0.738
1457,0.760
1458,0.770
1459,0.791
1460,0.811
1461,0.840
1462,0.850
1463,0.875
1464,0.881
1465,0.906
1466,0.906
1467,0.916
1468,0.916
1469,0.922
1470,0.885
1471,0.844
1472,0.785
1473,0.727
1474,0.670
1475,0.635
1476,0.621
1477,0.607
1478,0.613
1479,0.607
1480,0.639
1481,0.680
1482,0.734
1483,0.674
1484,0.590
1485,0.580
1486,0.598
1487,0.596
1488,0.613
1489,0.623
1490,0.629
1491,0.418
1492,1.807
1493,0.719
1494,-0.047
1495,0.623
1496,0.744
1497,0.738
1498,0.760
1499,0.770
1500,0.785
1501,0.801
1502,0.824
1503,0.844
1504,0.859
1505,0.881
1506,0.881
1507,0.893
1508,0.900
1509,0.908
1510,0.916
1511,0.924
1512,0.881
1513,0.850
1514,0.791
1515,0.744
1516,0.680
1517,0.654
1518,0.629
1519,0.621
1520,0.613
1521,0.607
1522,0.629
1523,0.686
1524,0.744
1525,0.701
1526,0.590
1527,0.598
1528,0.623
1529,0.629
1530,0.635
1531,0.645
1532,0.559
1533,0.416
1534,1.816
1535,0.711
1536,-0.057
1537,0.613
1538,0.754
1539,0.744
1540,0.775
1541,0.775
1542,0.785
1543,0.801
1544,0.828
1545,0.840
1546,0.859
1547,0.865
1548,0.875
1549,0.865
1550,0.869
1551,0.875
1552,0.865
1553,0.859
1554,0.834
1555,0.785
1556,0.713
1557,0.654
1558,0.605
1559,0.574
1560,0.549
1561,0.555
1562,0.549
1563,0.564
1564,0.590
1565,0.629
1566,0.686
1567,0.688
1568,0.539
1569,0.533
1570,0.545
1571,0.564
1572,0.580
1573,0.596
1574,0.539
1575,0.393
1576,1.717
1577,1.816
1578,-0.062
1579,0.555
1580,0.713
1581,0.711
1582,0.729
1583,0.734
1584,0.754
1585,0.770
1586,0.801
1587,0.816
1588,0.840
1589,0.844
1590,0.869
1591,0.869
1592,0.881
1593,0.891
1594,0.906
1595,0.891
1596,0.885
1597,0.844
1598,0.791
1599,0.729
1600,0.680
1601,0.648
1602,0.629
1603,0.613
1604,0.607
1605,0.613
1606,0.635
1607,0.674
1608,0.729
1609,0.695
1610,0.580
1611,0.574
1612,0.582
1613,0.598
1614,0.607
1615,0.621
1616,0.564
1617,0.408
1618,1.658
1619,1.838
1620,-0.057
1621,0.580
1622,0.727
1623,0.729
1624,0.744
1625,0.760
1626,0.770
1627,0.795
1628,0.811
1629,0.834
1630,0.859
1631,0.875
1632,0.893
1633,0.900
1634,0.906
1635,0.924
1636,0.932
1637,0.924
1638,0.906
1639,0.869
1640,0.818
1641,0.754
1642,0.703
1643,0.654
1644,0.639
1645,0.607
1646,0.598
1647,0.613
1648,0.645
1649,0.680
1650,0.729
1651,0.664
1652,0.574
1653,0.574
1654,0.570
1655,0.582
1656,0.590
1657,0.598
1658,0.508
1659,0.375
1660,1.863
1661,0.590
1662,-0.137
1663,0.570
1664,0.688
1665,0.701
1666,0.703
1667,0.727
1668,0.734
1669,0.760
1670,0.775
1671,0.811
1672,0.816
1673,0.840
1674,0.850
1675,0.859
1676,0.865
1677,0.869
1678,0.875
1679,0.865
1680,0.855
1681,0.816
1682,0.760
1683,0.703
1684,0.664
1685,0.629
1686,0.621
1687,0.607
1688,0.621
1689,0.607
1690,0.639
1691,0.664
1692,0.729
1693,0.680
1694,0.582
1695,0.574
1696,0.596
1697,0.598
1698,0.607
1699,0.621
1700,0.559
1701,0.418
1702,1.742
1703,1.807
1704,-0.039
1705,0.605
1706,0.734
1707,0.734
1708,0.744
1709,0.770
1710,0.775
1711,0.801
1712,0.811
1713,0.844
1714,0.855
1715,0.881
1716,0.885
1717,0.891
1718,0.891
1719,0.916
1720,0.916
1721,0.932
1722,0.906
1723,0.875
1724,0.811
1725,0.766
1726,0.703
1727,0.654
1728,0.639
1729,0.635
1730,0.639
1731,0.635
1732,0.674
1733,0.711
1734,0.775
1735,0.711
1736,0.613
1737,0.607
1738,0.635
1739,0.645
1740,0.670
1741,0.680
1742,0.613
1743,0.469
1744,1.840
1745,1.918
1746,-0.023
1747,0.605
1748,0.770
1749,0.775
1750,0.785
1751,0.791
1752,0.801
1753,0.801
1754,0.811
1755,0.834
1756,0.844
1757,0.859
1758,0.855
1759,0.865
1760,0.865
1761,0.869
1762,0.859
1763,0.865
1764,0.834
1765,0.803
1766,0.729
1767,0.670
1768,0.607
1769,0.580
1770,0.549
1771,0.545
1772,0.555
1773,0.570
1774,0.590
1775,0.635
1776,0.686
1777,0.654
1778,0.555
1779,0.545
1780,0.559
1781,0.570
1782,0.596
1783,0.596
1784,0.605
1785,0.408
1786,1.648
1787,1.887
1788,-0.088
1789,0.539
1790,0.729
1791,0.727
1792,0.738
1793,0.744
1794,0.770
1795,0.779
1796,0.811
1797,0.824
1798,0.850
1799,0.865
1800,0.881
1801,0.885
1802,0.891
1803,0.900
1804,0.893
1805,0.906
1806,0.885
1807,0.855
1808,0.801
1809,0.744
1810,0.688
1811,0.654
1812,0.629
1813,0.621
1814,0.613
1815,0.623
1816,0.635
1817,0.680
1818,0.738
1819,0.750
1820,0.598
1821,0.582
1822,0.605
1823,0.607
1824,0.621
1825,0.635
1826,0.639
1827,0.439
1828,1.527
1829,1.959
1830,-0.066
1831,0.529
1832,0.744
1833,0.750
1834,0.760
1835,0.770
1836,0.791
1837,0.801
1838,0.834
1839,0.840
1840,0.869
1841,0.885
1842,0.906
1843,0.916
1844,0.908
1845,0.945
1846,0.965
1847,0.955
1848,0.934
1849,0.900
1850,0.855
1851,0.785
1852,0.729
1853,0.680
1854,0.654
1855,0.623
1856,0.613
1857,0.623
1858,0.645
1859,0.686
1860,0.738
1861,0.760
1862,0.605
1863,0.598
1864,0.613
1865,0.623
1866,0.629
1867,0.654
1868,0.590
1869,0.434
1870,1.666
1871,1.918
1872,-0.131
1873,0.500
1874,0.711
1875,0.711
1876,0.719
1877,0.729
1878,0.750
1879,0.770
1880,0.791
1881,0.803
1882,0.828
1883,0.844
1884,0.855
1885,0.850
1886,0.881
1887,0.875
1888,0.891
1889,0.869
1890,0.859
1891,0.818
1892,0.775
1893,0.711
1894,0.664
1895,0.621
1896,0.605
1897,0.596
1898,0.607
1899,0.598
1900,0.623
1901,0.648
1902,0.713
1903,0.719
1904,0.574
1905,0.564
1906,0.574
1907,0.596
1908,0.590
1909,0.613
1910,0.596
1911,0.402
1912,1.477
1913,1.945
1914,-0.107
1915,0.490
1916,0.727
1917,0.734
1918,0.738
1919,0.760
1920,0.770
1921,0.795
1922,0.811
1923,0.834
1924,0.844
1925,0.865
1926,0.881
1927,0.891
1928,0.893
1929,0.900
1930,0.908
1931,0.906
1932,0.908
1933,0.865
1934,0.816
1935,0.754
1936,0.701
1937,0.654
1938,0.639
1939,0.623
1940,0.621
1941,0.621
1942,0.635
1943,0.654
1944,0.719
1945,0.744
1946,0.660
1947,0.613
1948,0.623
1949,0.635
1950,0.629
1951,0.645
1952,0.660
1953,0.475
1954,1.023
1955,1.943
1956,0.098
1957,-0.023
1958,0.744
1959,0.785
1960,0.775
1961,0.791
1962,0.811
1963,0.840
1964,0.855
1965,0.885
1966,0.906
1967,0.932
1968,0.939
1969,0.971
1970,0.971
1971,0.980
1972,0.986
1973,0.980
1974,0.955
1975,0.924
1976,0.875
1977,0.795
1978,0.727
1979,0.664
1980,0.629
1981,0.607
1982,0.596
1983,0.582
1984,0.596
1985,0.605
1986,0.648
1987,0.674
1988,0.590
1989,0.506
1990,0.514
1991,0.523
1992,0.545
1993,0.549
1994,0.559
1995,0.408
1996,0.338
1997,1.896
1998,0.229
1999,-0.162
2000,0.635
2001,0.695
2002,0.711
2003,0.727
2004,0.744
2005,0.766
2006,0.775
2007,0.801
2008,0.828
2009,0.850
2010,0.859
2011,0.881
2012,0.881
2013,0.885
2014,0.891
2015,0.906
2016,0.891
2017,0.875
2018,0.828
2019,0.779
2020,0.711
2021,0.664
2022,0.629
2023,0.621
2024,0.621
2025,0.621
2026,0.623
2027,0.648
2028,0.688
2029,0.750
2030,0.701
2031,0.598
2032,0.605
2033,0.607
2034,0.621
2035,0.623
2036,0.645
2037,0.570
2038,0.428
2039,1.766
2040,1.822
2041,-0.014
2042,0.621
2043,0.744
2044,0.750
2045,0.760
2046,0.785
2047,0.795
2048,0.811
2049,0.824
2050,0.850
2051,0.855
2052,0.881
2053,0.906
2054,0.893
2055,0.906
2056,0.916
2057,0.932
2058,0.924
2059,0.916
2060,0.885
2061,0.828
2062,0.760
2063,0.713
2064,0.664
2065,0.654
2066,0.635
2067,0.621
2068,0.635
2069,0.664
2070,0.695
2071,0.754
2072,0.760
2073,0.639
2074,0.613
2075,0.629
2076,0.654
2077,0.664
2078,0.680
2079,0.686
2080,0.484
2081,1.627
2082,2.043
2083,-0.082
2084,0.523
2085,0.770
2086,0.775
2087,0.766
2088,0.779
2089,0.775
2090,0.801
2091,0.801
2092,0.824
2093,0.834
2094,0.850
2095,0.850
2096,0.855
2097,0.850
2098,0.859
2099,0.850
2100,0.850
2101,0.834
2102,0.801
2103,0.744
2104,0.680
2105,0.623
2106,0.590
2107,0.574
2108,0.570
2109,0.582
2110,0.574
2111,0.607
2112,0.629
2113,0.688
2114,0.711
2115,0.621
2116,0.559
2117,0.574
2118,0.582
2119,0.598
2120,0.607
2121,0.623
2122,0.408
2123,1.006
2124,1.855
2125,0.012
2126,-0.051
2127,0.713
2128,0.744
2129,0.738
2130,0.770
2131,0.785
2132,0.803
2133,0.818
2134,0.840
2135,0.859
2136,0.885
2137,0.885
2138,0.906
2139,0.906
2140,0.922
2141,0.922
2142,0.932
2143,0.916
2144,0.900
2145,0.855
2146,0.803
2147,0.734
2148,0.680
2149,0.654
2150,0.645
2151,0.645
2152,0.639
2153,0.635
2154,0.664
2155,0.713
2156,0.770
2157,0.711
2158,0.621
2159,0.635
2160,0.639
2161,0.635
2162,0.645
2163,0.664
2164,0.580
2165,0.449
2166,1.912
2167,0.701
2168,-0.016
2169,0.674
2170,0.775
2171,0.795
2172,0.779
2173,0.811
2174,0.818
2175,0.840
2176,0.859
2177,0.881
2178,0.906
2179,0.924
2180,0.934
2181,0.932
2182,0.955
2183,0.971
2184,0.975
2185,0.959
2186,0.939
2187,0.891
2188,0.828
2189,0.738
2190,0.680
2191,0.629
2192,0.607
2193,0.582
2194,0.582
2195,0.570
2196,0.590
2197,0.605
2198,0.654
2199,0.598
2200,0.500
2201,0.484
2202,0.506
2203,0.518
2204,0.533
2205,0.549
2206,0.555
2207,0.354
2208,1.512
2209,1.893
2210,-0.168
2211,0.469
2212,0.701
2213,0.711
2214,0.713
2215,0.734
2216,0.738
2217,0.770
2218,0.785
2219,0.816
2220,0.824
2221,0.855
2222,0.859
2223,0.875
2224,0.881
2225,0.885
2226,0.891
2227,0.891
2228,0.875
2229,0.844
2230,0.791
2231,0.729
2232,0.674
2233,0.629
2234,0.607
2235,0.598
2236,0.598
2237,0.596
2238,0.613
2239,0.639
2240,0.701
2241,0.727
2242,0.613
2243,0.570
2244,0.582
2245,0.582
2246,0.598
2247,0.605
2248,0.613
2249,0.408
2250,1.070
2251,1.832
2252,0.002
2253,-0.016
2254,0.695
2255,0.727
2256,0.734
2257,0.750
2258,0.754
2259,0.785
2260,0.791
2261,0.818
2262,0.834
2263,0.859
2264,0.865
2265,0.881
2266,0.865
2267,0.906
2268,0.906
2269,0.916
2270,0.908
2271,0.875
2272,0.824
2273,0.766
2274,0.703
2275,0.670
2276,0.635
2277,0.621
2278,0.607
2279,0.605
2280,0.621
2281,0.639
2282,0.695
2283,0.750
2284,0.680
2285,0.590
2286,0.605
2287,0.623
2288,0.635
2289,0.635
2290,0.645
2291,0.506
2292,0.418
2293,1.943
2294,0.369
2295,-0.129
2296,0.639
2297,0.711
2298,0.727
2299,0.734
2300,0.750
2301,0.760
2302,0.775
2303,0.791
2304,0.803
2305,0.824
2306,0.818
2307,0.834
2308,0.840
2309,0.850
2310,0.850
2311,0.859
2312,0.844
2313,0.834
2314,0.795
2315,0.744
2316,0.680
2317,0.639
2318,0.598
2319,0.605
2320,0.596
2321,0.605
2322,0.605
2323,0.635
2324,0.654
2325,0.719
2326,0.727
2327,0.582
2328,0.570
2329,0.582
2330,0.596
2331,0.605
2332,0.621
2333,0.582
2334,0.439
2335,1.586
2336,1.928
2337,-0.088
2338,0.533
2339,0.719
2340,0.734
2341,0.738
2342,0.766
2343,0.766
2344,0.785
2345,0.801
2346,0.828
2347,0.840
2348,0.865
2349,0.869
2350,0.881
2351,0.891
2352,0.900
2353,0.906
2354,0.900
2355,0.906
2356,0.855
2357,0.811
2358,0.734
2359,0.686
2360,0.639
2361,0.623
2362,0.607
2363,0.613
2364,0.605
2365,0.623
2366,0.654
2367,0.713
2368,0.738
2369,0.623
2370,0.582
2371,0.598
2372,0.613
2373,0.621
2374,0.621
2375,0.623
2376,0.428
2377,1.145
2378,1.812
2379,-0.014
2380,0.363
2381,0.711
2382,0.734
2383,0.738
2384,0.760
2385,0.770
2386,0.795
2387,0.811
2388,0.840
2389,0.844
2390,0.891
2391,0.881
2392,0.900
2393,0.908
2394,0.916
2395,0.922
2396,0.932
2397,0.934
2398,0.891
2399,0.840
2400,0.779
2401,0.713
2402,0.670
2403,0.639
2404,0.623
2405,0.613
2406,0.605
2407,0.639
2408,0.660
2409,0.711
2410,0.750
2411,0.664
2412,0.590
2413,0.605
2414,0.621
2415,0.645
2416,0.660
2417,0.670
2418,0.469
2419,0.996
2420,1.922
2421,0.074
2422,-0.082
2423,0.729
2424,0.775
2425,0.766
2426,0.770
2427,0.779
2428,0.791
2429,0.811
2430,0.824
2431,0.834
2432,0.855
2433,0.859
2434,0.869
2435,0.865
2436,0.869
2437,0.865
2438,0.869
2439,0.850
2440,0.834
2441,0.779
2442,0.729
2443,0.664
2444,0.629
2445,0.598
2446,0.596
2447,0.590
2448,0.596
2449,0.598
2450,0.623
2451,0.664
2452,0.729
2453,0.664
2454,0.574
2455,0.582
2456,0.590
2457,0.607
2458,0.607
2459,0.623
2460,0.539
2461,0.408
2462,1.869
2463,0.613
2464,-0.082
2465,0.629
2466,0.734
2467,0.750
2468,0.754
2469,0.779
2470,0.785
2471,0.811
2472,0.824
2473,0.844
2474,0.865
2475,0.881
2476,0.885
2477,0.891
2478,0.900
2479,0.906
2480,0.916
2481,0.906
2482,0.891
2483,0.855
2484,0.811
2485,0.738
2486,0.688
2487,0.654
2488,0.645
2489,0.629
2490,0.623
2491,0.635
2492,0.664
2493,0.688
2494,0.754
2495,0.760
2496,0.623
2497,0.605
2498,0.623
2499,0.635
2500,0.629
2501,0.660
2502,0.613
2503,0.453
2504,1.648
2505,1.938
2506,-0.051
2507,0.582
2508,0.785
2509,0.801
2510,0.816
2511,0.803
2512,0.816
2513,0.840
2514,0.855
2515,0.885
2516,0.900
2517,0.924
2518,0.939
2519,0.959
2520,0.945
2521,0.965
2522,0.971
2523,0.965
2524,0.971
2525,0.900
2526,0.828
2527,0.770
2528,0.711
2529,0.654
2530,0.629
2531,0.613
2532,0.605
2533,0.598
2534,0.621
2535,0.645
2536,0.695
2537,0.703
2538,0.574
2539,0.549
2540,0.570
2541,0.570
2542,0.580
2543,0.582
2544,0.590
2545,0.385
2546,1.543
2547,1.918
2548,-0.162
2549,0.449
2550,0.686
2551,0.695
2552,0.688
2553,0.734
2554,0.744
2555,0.766
2556,0.785
2557,0.803
2558,0.824
2559,0.850
2560,0.865
2561,0.881
2562,0.881
2563,0.885
2564,0.881
2565,0.891
2566,0.875
2567,0.844
2568,0.791
2569,0.738
2570,0.674
2571,0.635
2572,0.613
2573,0.613
2574,0.605
2575,0.613
2576,0.635
2577,0.670
2578,0.729
2579,0.734
2580,0.613
2581,0.582
2582,0.596
2583,0.607
2584,0.623
2585,0.629
2586,0.635
2587,0.402
2588,1.387
2589,1.912
2590,-0.104
2591,0.469
2592,0.744
2593,0.750
2594,0.766
2595,0.770
2596,0.791
2597,0.801
2598,0.818
2599,0.840
2600,0.865
2601,0.891
2602,0.893
2603,0.906
2604,0.908
2605,0.924
2606,0.932
2607,0.932
2608,0.906
2609,0.891
2610,0.834
2611,0.770
2612,0.713
2613,0.680
2614,0.654
2615,0.645
2616,0.635
2617,0.645
2618,0.639
2619,0.688
2620,0.754
2621,0.770
2622,0.645
2623,0.629
2624,0.648
2625,0.645
2626,0.660
2627,0.674
2628,0.686
2629,0.453
2630,1.455
2631,1.996
2632,-0.051
2633,0.480
2634,0.779
2635,0.775
2636,0.803
2637,0.816
2638,0.824
2639,0.844
2640,0.865
2641,0.869
2642,0.885
2643,0.891
2644,0.906
2645,0.891
2646,0.893
2647,0.906
2648,0.891
2649,0.893
2650,0.859
2651,0.803
2652,0.738
2653,0.670
2654,0.613
2655,0.574
2656,0.555
2657,0.564
2658,0.564
2659,0.582
2660,0.580
2661,0.639
2662,0.701
2663,0.727
2664,0.598
2665,0.580
2666,0.582
2667,0.605
2668,0.607
2669,0.623
2670,0.635
2671,0.402
2672,1.350
2673,1.918
2674,-0.123
2675,0.443
2676,0.734
2677,0.744
2678,0.754
2679,0.775
2680,0.791
2681,0.795
2682,0.828
2683,0.844
2684,0.875
2685,0.891
2686,0.906
2687,0.908
2688,0.932
2689,0.924
2690,0.939
2691,0.932
2692,0.924
2693,0.893
2694,0.844
2695,0.779
2696,0.734
2697,0.688
2698,0.664
2699,0.645
2700,0.645
2701,0.648
2702,0.664
2703,0.695
2704,0.754
2705,0.775
2706,0.645
2707,0.607
2708,0.621
2709,0.635
2710,0.635
2711,0.660
2712,0.645
2713,0.459
2714,1.461
2715,1.986
2716,-0.047
2717,0.508
2718,0.770
2719,0.791
2720,0.801
2721,0.818
2722,0.840
2723,0.859
2724,0.869
2725,0.891
2726,0.908
2727,0.916
2728,0.932
2729,0.939
2730,0.949
2731,0.955
2732,0.959
2733,0.959
2734,0.965
2735,0.908
2736,0.850
2737,0.775
2738,0.719
2739,0.680
2740,0.648
2741,0.635
2742,0.635
2743,0.621
2744,0.648
2745,0.670
2746,0.729
2747,0.695
2748,0.598
2749,0.582
2750,0.590
2751,0.596
2752,0.607
2753,0.613
2754,0.570
2755,0.418
2756,1.676
2757,1.928
2758,-0.104
2759,0.539
2760,0.734
2761,0.750
2762,0.750
2763,0.770
2764,0.785
2765,0.803
2766,0.818
2767,0.850
2768,0.859
2769,0.885
2770,0.891
2771,0.906
2772,0.906
2773,0.922
2774,0.916
2775,0.916
2776,0.900
2777,0.865
2778,0.811
2779,0.750
2780,0.695
2781,0.660
2782,0.645
2783,0.639
2784,0.648
2785,0.639
2786,0.670
2787,0.703
2788,0.770
2789,0.738
2790,0.635
2791,0.621
2792,0.635
2793,0.645
2794,0.660
2795,0.670
2796,0.674
2797,0.490
2798,1.738
2799,1.918
2800,0.000
2801,0.621
2802,0.779
2803,0.785
2804,0.801
2805,0.816
2806,0.828
2807,0.850
2808,0.865
2809,0.893
2810,0.906
2811,0.916
2812,0.924
2813,0.945
2814,0.934
2815,0.945
2816,0.945
2817,0.959
2818,0.939
2819,0.908
2820,0.844
2821,0.803
2822,0.744
2823,0.713
2824,0.680
2825,0.680
2826,0.664
2827,0.674
2828,0.695
2829,0.738
2830,0.795
2831,0.801
2832,0.664
2833,0.648
2834,0.660
2835,0.674
2836,0.701
2837,0.703
2838,0.711
2839,0.508
2840,1.797
2841,1.938
2842,0.012
2843,0.623
2844,0.803
2845,0.791
2846,0.816
2847,0.824
2848,0.834
2849,0.850
2850,0.869
2851,0.881
2852,0.900
2853,0.906
2854,0.916
2855,0.922
2856,0.916
2857,0.932
2858,0.924
2859,0.908
2860,0.885
2861,0.850
2862,0.791
2863,0.738
2864,0.680
2865,0.660
2866,0.635
2867,0.645
2868,0.635
2869,0.648
2870,0.670
2871,0.711
2872,0.766
2873,0.770
2874,0.623
2875,0.621
2876,0.635
2877,0.645
2878,0.654
2879,0.664
2880,0.670
2881,0.459
2882,1.787
2883,1.863
2884,0.008
2885,0.639
2886,0.791
2887,0.785
2888,0.803
2889,0.803
2890,0.828
2891,0.840
2892,0.865
2893,0.885
2894,0.908
2895,0.916
2896,0.932
2897,0.934
2898,0.945
2899,0.949
2900,0.955
2901,0.959
2902,0.939
2903,0.906
2904,0.850
2905,0.795
2906,0.734
2907,0.695
2908,0.686
2909,0.670
2910,0.660
2911,0.670
2912,0.664
2913,0.719
2914,0.779
2915,0.734
2916,0.629
2917,0.623
2918,0.621
2919,0.645
2920,0.660
2921,0.674
2922,0.605
2923,0.475
2924,1.840
2925,0.785
2926,0.002
2927,0.664
2928,0.785
2929,0.779
2930,0.801
2931,0.816
2932,0.828
2933,0.855
2934,0.881
2935,0.893
2936,0.924
2937,0.939
2938,0.965
2939,0.965
2940,0.975
2941,0.971
2942,0.986
2943,0.959
2944,0.965
2945,0.906
2946,0.844
2947,0.779
2948,0.734
2949,0.688
2950,0.674
2951,0.645
2952,0.645
2953,0.645
2954,0.680
2955,0.713
2956,0.760
2957,0.688
2958,0.598
2959,0.605
2960,0.598
2961,0.613
2962,0.613
2963,0.635
2964,0.480
2965,0.391
2966,1.928
2967,0.264
2968,-0.162
2969,0.645
2970,0.727
2971,0.738
2972,0.750
2973,0.766
2974,0.785
2975,0.803
2976,0.828
2977,0.855
2978,0.875
2979,0.885
2980,0.893
2981,0.900
2982,0.906
2983,0.900
2984,0.916
2985,0.906
2986,0.885
2987,0.844
2988,0.791
2989,0.727
2990,0.688
2991,0.648
2992,0.645
2993,0.635
2994,0.639
2995,0.635
2996,0.674
2997,0.719
2998,0.766
2999,0.688
3000,0.607
3001,0.613
3002,0.607
3003,0.635
3004,0.639
3005,0.645
3006,0.514
3007,0.439
3008,1.977
3009,0.354
3010,-0.078
3011,0.713
3012,0.754
3013,0.760
3014,0.766
3015,0.791
3016,0.791
3017,0.811
3018,0.834
3019,0.859
3020,0.869
3021,0.900
3022,0.916
3023,0.932
3024,0.916
3025,0.939
3026,0.955
3027,0.949
3028,0.932
3029,0.891
3030,0.828
3031,0.770
3032,0.711
3033,0.674
3034,0.660
3035,0.645
3036,0.648
3037,0.635
3038,0.688
3039,0.734
3040,0.779
3041,0.680
3042,0.607
3043,0.607
3044,0.623
3045,0.635
3046,0.654
3047,0.660
3048,0.443
3049,1.080
3050,1.896
3051,-0.014
3052,-0.088
3053,0.688
3054,0.727
3055,0.727
3056,0.734
3057,0.750
3058,0.750
3059,0.770
3060,0.785
3061,0.801
3062,0.803
3063,0.824
3064,0.824
3065,0.844
3066,0.850
3067,0.865
3068,0.865
3069,0.865
3070,0.824
3071,0.791
3072,0.727
3073,0.674
3074,0.629
3075,0.607
3076,0.596
3077,0.596
3078,0.598
3079,0.613
3080,0.654
3081,0.703
3082,0.729
3083,0.629
3084,0.580
3085,0.582
3086,0.596
3087,0.596
3088,0.613
3089,0.613
3090,0.416
3091,1.145
3092,1.816
3093,-0.041
3094,0.354
3095,0.719
3096,0.744
3097,0.750
3098,0.766
3099,0.775
3100,0.791
3101,0.801
3102,0.828
3103,0.850
3104,0.865
3105,0.881
3106,0.891
3107,0.900
3108,0.893
3109,0.908
3110,0.908
3111,0.906
3112,0.875
3113,0.828
3114,0.750
3115,0.703
3116,0.648
3117,0.629
3118,0.607
3119,0.607
3120,0.607
3121,0.635
3122,0.654
3123,0.729
3124,0.744
3125,0.613
3126,0.564
3127,0.582
3128,0.605
3129,0.613
3130,0.623
3131,0.607
3132,0.424
3133,1.502
3134,1.959
3135,-0.115
3136,0.459
3137,0.734
3138,0.760
3139,0.750
3140,0.791
3141,0.801
3142,0.828
3143,0.834
3144,0.865
3145,0.875
3146,0.893
3147,0.906
3148,0.916
3149,0.908
3150,0.916
3151,0.916
3152,0.906
3153,0.881
3154,0.828
3155,0.766
3156,0.701
3157,0.635
3158,0.590
3159,0.559
3160,0.545
3161,0.545
3162,0.539
3163,0.574
3164,0.605
3165,0.674
3166,0.639
3167,0.545
3168,0.529
3169,0.549
3170,0.555
3171,0.580
3172,0.596
3173,0.539
3174,0.393
3175,1.723
3176,1.828
3177,-0.072
3178,0.559
3179,0.713
3180,0.719
3181,0.729
3182,0.738
3183,0.760
3184,0.779
3185,0.801
3186,0.828
3187,0.844
3188,0.869
3189,0.885
3190,0.906
3191,0.906
3192,0.932
3193,0.934
3194,0.932
3195,0.900
3196,0.865
3197,0.795
3198,0.734
3199,0.674
3200,0.639
3201,0.621
3202,0.607
3203,0.598
3204,0.613
3205,0.639
3206,0.688
3207,0.738
3208,0.674
3209,0.590
3210,0.580
3211,0.598
3212,0.607
3213,0.613
3214,0.621
3215,0.529
3216,0.416
3217,1.893
3218,0.559
3219,-0.072
3220,0.660
3221,0.750
3222,0.750
3223,0.775
3224,0.770
3225,0.795
3226,0.816
3227,0.834
3228,0.855
3229,0.875
3230,0.900
3231,0.922
3232,0.949
3233,0.955
3234,0.955
3235,0.965
3236,0.971
3237,0.922
3238,0.881
3239,0.795
3240,0.738
3241,0.674
3242,0.639
3243,0.613
3244,0.605
3245,0.590
3246,0.605
3247,0.629
3248,0.688
3249,0.719
3250,0.613
3251,0.570
3252,0.580
3253,0.596
3254,0.598
3255,0.605
3256,0.607
3257,0.400
3258,1.150
3259,1.840
3260,-0.078
3261,0.271
3262,0.686
3263,0.713
3264,0.711
3265,0.738
3266,0.750
3267,0.770
3268,0.795
3269,0.824
3270,0.840
3271,0.875
3272,0.881
3273,0.891
3274,0.900
3275,0.908
3276,0.922
3277,0.916
3278,0.900
3279,0.865
3280,0.811
3281,0.750
3282,0.688
3283,0.648
3284,0.629
3285,0.621
3286,0.621
3287,0.613
3288,0.639
3289,0.670
3290,0.729
3291,0.738
3292,0.629
3293,0.590
3294,0.607
3295,0.607
3296,0.623
3297,0.629
3298,0.623
3299,0.400
3300,1.281
3301,1.902
3302,-0.098
3303,0.424
3304,0.738
3305,0.754
3306,0.750
3307,0.775
3308,0.785
3309,0.811
3310,0.824
3311,0.850
3312,0.869
3313,0.900
3314,0.916
3315,0.922
3316,0.932
3317,0.955
3318,0.932
3319,0.949
3320,0.924
3321,0.893
3322,0.834
3323,0.779
3324,0.713
3325,0.680
3326,0.639
3327,0.635
3328,0.621
3329,0.613
3330,0.639
3331,0.680
3332,0.738
3333,0.750
3334,0.629
3335,0.607
3336,0.607
3337,0.629
3338,0.645
3339,0.639
3340,0.660
3341,0.428
3342,1.324
3343,1.959
3344,-0.057
3345,0.408
3346,0.738
3347,0.750
3348,0.766
3349,0.770
3350,0.801
3351,0.811
3352,0.828
3353,0.844
3354,0.869
3355,0.891
3356,0.908
3357,0.922
3358,0.934
3359,0.945
3360,0.934
3361,0.959
3362,0.934
3363,0.893
3364,0.834
3365,0.770
3366,0.701
3367,0.654
3368,0.621
3369,0.607
3370,0.596
3371,0.598
3372,0.605
3373,0.639
3374,0.688
3375,0.703
3376,0.605
3377,0.559
3378,0.564
3379,0.559
3380,0.582
3381,0.596
3382,0.598
3383,0.391
3384,1.029
3385,1.863
3386,-0.031
3387,-0.072
3388,0.719
3389,0.744
3390,0.766
3391,0.766
3392,0.791
3393,0.801
3394,0.824
3395,0.844
3396,0.875
3397,0.885
3398,0.906
3399,0.908
3400,0.924
3401,0.939
3402,0.939
3403,0.945
3404,0.932
3405,0.891
3406,0.834
3407,0.770
3408,0.703
3409,0.664
3410,0.635
3411,0.621
3412,0.613
3413,0.613
3414,0.621
3415,0.660
3416,0.701
3417,0.750
3418,0.654
3419,0.596
3420,0.596
3421,0.607
3422,0.613
3423,0.607
3424,0.623
3425,0.514
3426,0.418
3427,1.984
3428,0.408
3429,-0.072
3430,0.686
3431,0.750
3432,0.750
3433,0.766
3434,0.791
3435,0.803
3436,0.818
3437,0.828
3438,0.865
3439,0.885
3440,0.900
3441,0.908
3442,0.932
3443,0.945
3444,0.965
3445,0.955
3446,0.971
3447,0.932
3448,0.859
3449,0.801
3450,0.734
3451,0.680
3452,0.645
3453,0.621
3454,0.607
3455,0.621
3456,0.598
3457,0.635
3458,0.674
3459,0.744
3460,0.711
3461,0.613
3462,0.582
3463,0.613
3464,0.623
3465,0.639
3466,0.648
3467,0.596
3468,0.434
3469,1.781
3470,1.912
3471,-0.041
3472,0.596
3473,0.779
3474,0.775
3475,0.791
3476,0.803
3477,0.818
3478,0.840
3479,0.859
3480,0.881
3481,0.906
3482,0.922
3483,0.932
3484,0.939
3485,0.955
3486,0.959
3487,0.959
3488,0.965
3489,0.922
3490,0.869
3491,0.791
3492,0.727
3493,0.664
3494,0.629
3495,0.598
3496,0.596
3497,0.580
3498,0.582
3499,0.596
3500,0.639
3501,0.688
3502,0.703
3503,0.596
3504,0.564
3505,0.574
3506,0.582
3507,0.596
3508,0.613
3509,0.621
3510,0.408
3511,1.102
3512,1.871
3513,0.012
3514,-0.016
3515,0.734
3516,0.754
3517,0.770
3518,0.779
3519,0.801
3520,0.811
3521,0.840
3522,0.855
3523,0.885
3524,0.906
3525,0.934
3526,0.939
3527,0.955
3528,0.971
3529,0.971
3530,0.980
3531,0.955
3532,0.916
3533,0.850
3534,0.785
3535,0.703
3536,0.660
3537,0.629
3538,0.621
3539,0.605
3540,0.607
3541,0.607
3542,0.639
3543,0.674
3544,0.744
3545,0.695
3546,0.605
3547,0.596
3548,0.621
3549,0.621
3550,0.635
3551,0.645
3552,0.648
3553,0.469
3554,1.682
3555,2.023
3556,-0.047
3557,0.582
3558,0.785
3559,0.795
3560,0.766
3561,0.791
3562,0.803
3563,0.834
3564,0.859
3565,0.891
3566,0.906
3567,0.939
3568,0.932
3569,0.959
3570,0.971
3571,0.986
3572,0.980
3573,0.990
3574,0.945
3575,0.893
3576,0.818
3577,0.744
3578,0.670
3579,0.629
3580,0.596
3581,0.590
3582,0.582
3583,0.580
3584,0.598
3585,0.623
3586,0.670
3587,0.695
3588,0.607
3589,0.545
3590,0.559
3591,0.570
3592,0.582
3593,0.590
3594,0.607
3595,0.434
3596,0.377
3597,1.953
3598,0.195
3599,-0.107
3600,0.695
3601,0.744
3602,0.760
3603,0.775
3604,0.791
3605,0.811
3606,0.828
3607,0.850
3608,0.875
3609,0.906
3610,0.916
3611,0.934
3612,0.945
3613,0.965
3614,0.971
3615,0.975
3616,0.955
3617,0.932
3618,0.859
3619,0.791
3620,0.711
3621,0.660
3622,0.613
3623,0.607
3624,0.598
3625,0.605
3626,0.598
3627,0.629
3628,0.660
3629,0.727
3630,0.744
3631,0.607
3632,0.582
3633,0.580
3634,0.605
3635,0.607
3636,0.623
3637,0.613
3638,0.393
3639,1.256
3640,1.881
3641,-0.057
3642,0.439
3643,0.738
3644,0.760
3645,0.766
3646,0.785
3647,0.791
3648,0.828
3649,0.840
3650,0.865
3651,0.885
3652,0.916
3653,0.934
3654,0.949
3655,0.959
3656,0.975
3657,0.996
3658,0.980
3659,0.975
3660,0.922
3661,0.859
3662,0.766
3663,0.701
3664,0.654
3665,0.623
3666,0.598
3667,0.598
3668,0.582
3669,0.596
3670,0.607
3671,0.639
3672,0.686
3673,0.727
3674,0.613
3675,0.580
3676,0.582
3677,0.590
3678,0.605
3679,0.613
3680,0.621
3681,0.434
3682,0.424
3683,1.996
3684,0.188
3685,-0.088
3686,0.711
3687,0.770
3688,0.785
3689,0.785
3690,0.801
3691,0.803
3692,0.834
3693,0.850
3694,0.875
3695,0.906
3696,0.916
3697,0.922
3698,0.955
3699,0.980
3700,1.014
3701,1.021
3702,1.029
3703,0.986
3704,0.934
3705,0.859
3706,0.775
3707,0.703
3708,0.639
3709,0.605
3710,0.590
3711,0.598
3712,0.582
3713,0.613
3714,0.629
3715,0.680
3716,0.713
3717,0.670
3718,0.580
3719,0.590
3720,0.598
3721,0.607
3722,0.596
3723,0.607
3724,0.508
3725,0.344
3726,1.863
3727,0.711
3728,-0.104
3729,0.533
3730,0.688
3731,0.686
3732,0.701
3733,0.713
3734,0.729
3735,0.744
3736,0.766
3737,0.779
3738,0.803
3739,0.816
3740,0.840
3741,0.844
3742,0.875
3743,0.881
3744,0.893
3745,0.885
3746,0.869
3747,0.811
3748,0.754
3749,0.674
3750,0.623
3751,0.580
3752,0.559
3753,0.555
3754,0.559
3755,0.564
3756,0.574
3757,0.596
3758,0.623
3759,0.680
3760,0.701
3761,0.596
3762,0.539
3763,0.555
3764,0.564
3765,0.582
3766,0.582
3767,0.596
3768,0.393
3769,0.986
3770,1.918
3771,0.066
3772,-0.066
3773,0.688
3774,0.727
3775,0.729
3776,0.738
3777,0.760
3778,0.775
3779,0.795
3780,0.816
3781,0.834
3782,0.859
3783,0.875
3784,0.893
3785,0.908
3786,0.932
3787,0.939
3788,0.949
3789,0.932
3790,0.900
3791,0.834
3792,0.779
3793,0.688
3794,0.645
3795,0.605
3796,0.582
3797,0.574
3798,0.574
3799,0.559
3800,0.590
3801,0.623
3802,0.670
3803,0.734
3804,0.686
3805,0.590
3806,0.582
3807,0.596
3808,0.605
3809,0.607
3810,0.598
3811,0.605
3812,0.377
3813,1.727
3814,1.869
3815,-0.051
3816,0.549
3817,0.719
3818,0.713
3819,0.729
3820,0.734
3821,0.766
3822,0.775
3823,0.811
3824,0.824
3825,0.859
3826,0.875
3827,0.891
3828,0.906
3829,0.922
3830,0.932
3831,0.939
3832,0.945
3833,0.893
3834,0.844
3835,0.779
3836,0.701
3837,0.639
3838,0.605
3839,0.574
3840,0.580
3841,0.582
3842,0.596
3843,0.607
3844,0.654
3845,0.701
3846,0.770
3847,0.791
3848,0.654
3849,0.629
3850,0.621
3851,0.607
3852,0.598
3853,0.596
3854,0.596
3855,0.359
3856,1.211
3857,1.854
3858,-0.107
3859,0.297
3860,0.670
3861,0.695
3862,0.688
3863,0.711
3864,0.727
3865,0.744
3866,0.760
3867,0.785
3868,0.801
3869,0.834
3870,0.840
3871,0.865
3872,0.881
3873,0.900
3874,0.893
3875,0.893
3876,0.875
3877,0.828
3878,0.766
3879,0.688
3880,0.607
3881,0.564
3882,0.533
3883,0.518
3884,0.508
3885,0.506
3886,0.514
3887,0.508
3888,0.564
3889,0.598
3890,0.648
3891,0.555
3892,0.492
3893,0.490
3894,0.518
3895,0.523
3896,0.533
3897,0.539
3898,0.402
3899,0.334
3900,1.902
3901,0.219
3902,-0.146
3903,0.621
3904,0.695
3905,0.701
3906,0.711
3907,0.727
3908,0.734
3909,0.766
3910,0.791
3911,0.816
3912,0.828
3913,0.855
3914,0.865
3915,0.891
3916,0.900
3917,0.916
3918,0.916
3919,0.908
3920,0.875
3921,0.824
3922,0.750
3923,0.686
3924,0.635
3925,0.605
3926,0.580
3927,0.582
3928,0.570
3929,0.570
3930,0.570
3931,0.598
3932,0.635
3933,0.701
3934,0.645
3935,0.545
3936,0.549
3937,0.545
3938,0.580
3939,0.570
3940,0.596
3941,0.518
3942,0.377
3943,1.812
3944,1.855
3945,-0.025
3946,0.596
3947,0.719
3948,0.713
3949,0.729
3950,0.734
3951,0.744
3952,0.754
3953,0.770
3954,0.791
3955,0.811
3956,0.840
3957,0.850
3958,0.844
3959,0.900
3960,0.924
3961,0.934
3962,0.916
3963,0.893
3964,0.844
3965,0.766
3966,0.686
3967,0.639
3968,0.582
3969,0.564
3970,0.539
3971,0.545
3972,0.529
3973,0.549
3974,0.574
3975,0.605
3976,0.660
3977,0.674
3978,0.533
3979,0.518
3980,0.549
3981,0.564
3982,0.574
3983,0.596
3984,0.549
3985,0.400
3986,1.707
3987,1.953
3988,-0.082
3989,0.549
3990,0.738
3991,0.738
3992,0.766
3993,0.770
3994,0.795
3995,0.824
3996,0.869
3997,0.885
3998,0.916
3999,0.939
4000,0.971
4001,0.971
4002,0.996
4003,1.006
4004,1.014
4005,1.023
4006,0.990
4007,0.945
4008,0.885
4009,0.816
4010,0.760
4011,0.713
4012,0.695
4013,0.680
4014,0.664
4015,0.686
4016,0.674
4017,0.695
4018,0.727
4019,0.775
4020,0.779
4021,0.654
4022,0.621
4023,0.635
4024,0.629
4025,0.639
4026,0.639
4027,0.645
4028,0.416
4029,1.570
4030,2.018
4031,-0.082
4032,0.514
4033,0.744
4034,0.750
4035,0.766
4036,0.775
4037,0.766
4038,0.795
4039,0.816
4040,0.834
4041,0.850
4042,0.869
4043,0.891
4044,0.908
4045,0.916
4046,0.939
4047,0.932
4048,0.949
4049,0.906
4050,0.885
4051,0.818
4052,0.754
4053,0.688
4054,0.654
4055,0.648
4056,0.645
4057,0.660
4058,0.648
4059,0.654
4060,0.680
4061,0.713
4062,0.760
4063,0.770
4064,0.660
4065,0.621
4066,0.635
4067,0.648
4068,0.660
4069,0.654
4070,0.664
4071,0.408
4072,1.617
4073,2.090
4074,-0.129
4075,0.523
4076,0.803
4077,0.816
4078,0.834
4079,0.840
4080,0.844
4081,0.875
4082,0.900
4083,0.932
4084,0.939
4085,0.945
4086,0.965
4087,0.996
4088,1.006
4089,1.014
4090,1.029
4091,1.012
4092,0.986
4093,0.932
4094,0.859
4095,0.785
4096,0.719
4097,0.670
4098,0.629
4099,0.598
4100,0.596
4101,0.582
4102,0.596
4103,0.607
4104,0.648
4105,0.688
4106,0.701
4107,0.582
4108,0.545
4109,0.549
4110,0.559
4111,0.570
4112,0.574
4113,0.580
4114,0.344
4115,1.285
4116,1.902
4117,-0.209
4118,0.377
4119,0.695
4120,0.686
4121,0.701
4122,0.713
4123,0.729
4124,0.738
4125,0.760
4126,0.775
4127,0.795
4128,0.818
4129,0.844
4130,0.859
4131,0.855
4132,0.885
4133,0.891
4134,0.906
4135,0.885
4136,0.844
4137,0.779
4138,0.719
4139,0.654
4140,0.607
4141,0.570
4142,0.559
4143,0.545
4144,0.555
4145,0.555
4146,0.596
4147,0.621
4148,0.688
4149,0.701
4150,0.574
4151,0.549
4152,0.564
4153,0.580
4154,0.582
4155,0.596
4156,0.582
4157,0.400
4158,1.422
4159,1.906
4160,-0.156
4161,0.469
4162,0.713
4163,0.727
4164,0.729
4165,0.744
4166,0.750
4167,0.775
4168,0.791
4169,0.818
4170,0.824
4171,0.859
4172,0.865
4173,0.885
4174,0.891
4175,0.906
4176,0.916
4177,0.916
4178,0.893
4179,0.855
4180,0.795
4181,0.734
4182,0.674
4183,0.635
4184,0.607
4185,0.596
4186,0.582
4187,0.582
4188,0.596
4189,0.623
4190,0.670
4191,0.713
4192,0.660
4193,0.564
4194,0.580
4195,0.582
4196,0.598
4197,0.598
4198,0.621
4199,0.518
4200,0.402
4201,1.902
4202,0.490
4203,-0.123
4204,0.660
4205,0.734
4206,0.738
4207,0.760
4208,0.754
4209,0.791
4210,0.816
4211,0.818
4212,0.840
4213,0.855
4214,0.875
4215,0.891
4216,0.891
4217,0.908
4218,0.906
4219,0.924
4220,0.916
4221,0.893
4222,0.840
4223,0.779
4224,0.711
4225,0.660
4226,0.613
4227,0.590
4228,0.574
4229,0.574
4230,0.570
4231,0.598
4232,0.629
4233,0.688
4234,0.711
4235,0.580
4236,0.555
4237,0.555
4238,0.570
4239,0.580
4240,0.596
4241,0.580
4242,0.369
4243,1.365
4244,1.902
4245,-0.197
4246,0.393
4247,0.713
4248,0.729
4249,0.734
4250,0.754
4251,0.770
4252,0.795
4253,0.816
4254,0.834
4255,0.855
4256,0.875
4257,0.891
4258,0.885
4259,0.900
4260,0.906
4261,0.908
4262,0.908
4263,0.916
4264,0.859
4265,0.816
4266,0.754
4267,0.703
4268,0.648
4269,0.645
4270,0.623
4271,0.639
4272,0.623
4273,0.645
4274,0.660
4275,0.703
4276,0.760
4277,0.711
4278,0.613
4279,0.605
4280,0.621
4281,0.635
4282,0.645
4283,0.660
4284,0.570
4285,0.434
4286,1.945
4287,0.582
4288,-0.088
4289,0.674
4290,0.779
4291,0.775
4292,0.791
4293,0.795
4294,0.811
4295,0.840
4296,0.875
4297,0.885
4298,0.908
4299,0.934
4300,0.955
4301,0.949
4302,0.955
4303,0.939
4304,0.955
4305,0.939
4306,0.934
4307,0.881
4308,0.811
4309,0.719
4310,0.674
4311,0.621
4312,0.596
4313,0.590
4314,0.574
4315,0.582
4316,0.580
4317,0.621
4318,0.680
4319,0.701
4320,0.574
4321,0.559
4322,0.545
4323,0.555
4324,0.570
4325,0.582
4326,0.590
4327,0.391
4328,1.371
4329,1.854
4330,-0.098
4331,0.443
4332,0.701
4333,0.686
4334,0.701
4335,0.703
4336,0.727
4337,0.738
4338,0.750
4339,0.754
4340,0.775
4341,0.779
4342,0.801
4343,0.811
4344,0.803
4345,0.803
4346,0.811
4347,0.803
4348,0.816
4349,0.760
4350,0.711
4351,0.648
4352,0.596
4353,0.539
4354,0.518
4355,0.506
4356,0.506
4357,0.500
4358,0.492
4359,0.523
4360,0.580
4361,0.621
4362,0.529
4363,0.469
4364,0.469
4365,0.475
4366,0.484
4367,0.492
4368,0.500
4369,0.303
4370,0.971
4371,1.566
4372,-0.145
4373,0.232
4374,0.574
4375,0.590
4376,0.598
4377,0.607
4378,0.598
4379,0.629
4380,0.648
4381,0.664
4382,0.680
4383,0.686
4384,0.701
4385,0.711
4386,0.719
4387,0.711
4388,0.727
4389,0.711
4390,0.711
4391,0.695
4392,0.660
4393,0.596
4394,0.549
4395,0.492
4396,0.475
4397,0.443
4398,0.453
4399,0.459
4400,0.453
4401,0.490
4402,0.549
4403,0.590
4404,0.490
4405,0.449
4406,0.443
4407,0.465
4408,0.480
4409,0.492
4410,0.506
4411,0.344
4412,0.885
4413,1.527
4414,-0.051
4415,-0.066
4416,0.613
4417,0.635
4418,0.645
4419,0.664
4420,0.660
4421,0.695
4422,0.711
4423,0.734
4424,0.750
4425,0.775
4426,0.775
4427,0.785
4428,0.801
4429,0.816
4430,0.811
4431,0.803
4432,0.824
4433,0.795
4434,0.754
4435,0.713
4436,0.664
4437,0.607
4438,0.596
4439,0.574
4440,0.574
4441,0.570
4442,0.580
4443,0.605
4444,0.670
4445,0.701
4446,0.605
4447,0.559
4448,0.574
4449,0.582
4450,0.580
4451,0.605
4452,0.607
4453,0.428
4454,1.102
4455,1.592
4456,-0.014
4457,0.434
4458,0.713
4459,0.727
4460,0.729
4461,0.750
4462,0.760
4463,0.779
4464,0.791
4465,0.816
4466,0.824
4467,0.844
4468,0.850
4469,0.865
4470,0.865
4471,0.875
4472,0.875
4473,0.885
4474,0.869
4475,0.859
4476,0.811
4477,0.770
4478,0.711
4479,0.686
4480,0.654
4481,0.648
4482,0.639
4483,0.635
4484,0.648
4485,0.686
4486,0.754
4487,0.779
4488,0.660
4489,0.629
4490,0.648
4491,0.654
4492,0.664
4493,0.670
4494,0.680
4495,0.500
4496,1.400
4497,1.660
4498,0.053
4499,0.645
4500,0.803
4501,0.795
4502,0.816
4503,0.828
4504,0.850
4505,0.850
4506,0.859
4507,0.875
4508,0.891
4509,0.906
4510,0.906
4511,0.916
4512,0.906
4513,0.908
4514,0.900
4515,0.932
4516,0.908
4517,0.885
4518,0.824
4519,0.795
4520,0.738
4521,0.711
4522,0.680
4523,0.674
4524,0.664
4525,0.660
4526,0.660
4527,0.701
4528,0.785
4529,0.738
4530,0.639
4531,0.629
4532,0.645
4533,0.645
4534,0.660
4535,0.670
4536,0.598
4537,0.492
4538,1.621
4539,0.418
4540,0.018
4541,0.738
4542,0.779
4543,0.750
4544,0.775
4545,0.775
4546,0.785
4547,0.795
4548,0.824
4549,0.824
4550,0.840
4551,0.844
4552,0.834
4553,0.840
4554,0.850
4555,0.850
4556,0.850
4557,0.865
4558,0.840
4559,0.824
4560,0.779
4561,0.729
4562,0.680
4563,0.648
4564,0.623
4565,0.613
4566,0.605
4567,0.621
4568,0.629
4569,0.695
4570,0.744
4571,0.645
4572,0.596
4573,0.607
4574,0.623
4575,0.629
4576,0.623
4577,0.645
4578,0.484
4579,1.143
4580,1.543
4581,0.018
4582,0.570
4583,0.803
4584,0.801
4585,0.824
4586,0.834
4587,0.828
4588,0.844
4589,0.859
4590,0.885
4591,0.885
4592,0.916
4593,0.908
4594,0.900
4595,0.885
4596,0.893
4597,0.906
4598,0.932
4599,0.922
4600,0.881
4601,0.840
4602,0.816
4603,0.754
4604,0.727
4605,0.686
4606,0.674
4607,0.686
4608,0.654
4609,0.645
4610,0.664
4611,0.766
4612,0.775
4613,0.613
4614,0.605
4615,0.621
4616,0.605
4617,0.607
4618,0.613
4619,0.621
4620,0.449
4621,1.422
4622,0.408
4623,-0.025
4624,0.670
4625,0.711
4626,0.711
4627,0.727
4628,0.734
4629,0.750
4630,0.770
4631,0.766
4632,0.760
4633,0.770
4634,0.775
4635,0.750
4636,0.750
4637,0.754
4638,0.779
4639,0.791
4640,0.785
4641,0.791
4642,0.770
4643,0.719
4644,0.680
4645,0.629
4646,0.580
4647,0.559
4648,0.549
4649,0.555
4650,0.564
4651,0.549
4652,0.623
4653,0.688
4654,0.596
4655,0.545
4656,0.545
4657,0.539
4658,0.555
4659,0.564
4660,0.570
4661,0.393
4662,0.980
4663,1.363
4664,-0.082
4665,0.453
4666,0.645
4667,0.654
4668,0.648
4669,0.664
4670,0.670
4671,0.688
4672,0.686
4673,0.680
4674,0.701
4675,0.703
4676,0.680
4677,0.686
4678,0.686
4679,0.695
4680,0.711
4681,0.719
4682,0.713
4683,0.701
4684,0.654
4685,0.596
4686,0.564
4687,0.529
4688,0.508
4689,0.480
4690,0.492
4691,0.490
4692,0.492
4693,0.506
4694,0.596
4695,0.621
4696,0.484
4697,0.475
4698,0.500
4699,0.506
4700,0.508
4701,0.518
4702,0.469
4703,0.377
4704,1.355
4705,0.238
4706,-0.107
4707,0.621
4708,0.664
4709,0.674
4710,0.674
4711,0.703
4712,0.703
4713,0.727
4714,0.744
4715,0.766
4716,0.760
4717,0.766
4718,0.766
4719,0.750
4720,0.760
4721,0.795
4722,0.816
4723,0.824
4724,0.791
4725,0.775
4726,0.729
4727,0.686
4728,0.639
4729,0.623
4730,0.598
4731,0.596
4732,0.596
4733,0.582
4734,0.607
4735,0.674
4736,0.750
4737,0.635
4738,0.582
4739,0.580
4740,0.607
4741,0.598
4742,0.623
4743,0.635
4744,0.465
4745,1.045
4746,1.471
4747,-0.057
4748,0.475
4749,0.760
4750,0.766
4751,0.770
4752,0.785
4753,0.791
4754,0.824
4755,0.840
4756,0.834
4757,0.855
4758,0.855
4759,0.859
4760,0.840
4761,0.834
4762,0.850
4763,0.875
4764,0.881
4765,0.875
4766,0.850
4767,0.818
4768,0.754
4769,0.711
4770,0.670
4771,0.654
4772,0.635
4773,0.635
4774,0.629
4775,0.623
4776,0.645
4777,0.727
4778,0.760
4779,0.621
4780,0.596
4781,0.613
4782,0.621
4783,0.629
4784,0.639
4785,0.580
4786,0.439
4787,1.432
4788,0.508
4789,-0.051
4790,0.680
4791,0.779
4792,0.791
4793,0.779
4794,0.795
4795,0.816
4796,0.834
4797,0.840
4798,0.855
4799,0.865
4800,0.869
4801,0.850
4802,0.855
4803,0.844
4804,0.859
4805,0.869
4806,0.885
4807,0.891
4808,0.859
4809,0.811
4810,0.766
4811,0.744
4812,0.711
4813,0.688
4814,0.674
4815,0.674
4816,0.670
4817,0.670
4818,0.727
4819,0.824
4820,0.713
4821,0.660
4822,0.664
4823,0.686
4824,0.688
4825,0.686
4826,0.695
4827,0.518
4828,1.127
4829,1.553
4830,0.098
4831,0.598
4832,0.816
4833,0.844
4834,0.865
4835,0.869
4836,0.881
4837,0.875
4838,0.908
4839,0.939
4840,0.949
4841,0.949
4842,0.965
4843,0.955
4844,0.971
4845,0.955
4846,0.980
4847,0.986
4848,1.006
4849,0.975
4850,0.922
4851,0.859
4852,0.828
4853,0.791
4854,0.770
4855,0.744
4856,0.744
4857,0.734
4858,0.738
4859,0.779
4860,0.869
4861,0.816
4862,0.713
4863,0.713
4864,0.729
4865,0.738
4866,0.734
4867,0.760
4868,0.596
4869,0.574
4870,1.676
4871,0.174
4872,0.074
4873,0.828
4874,0.865
4875,0.855
4876,0.859
4877,0.885
4878,0.891
4879,0.916
4880,0.932
4881,0.934
4882,0.949
4883,0.939
4884,0.932
4885,0.932
4886,0.932
4887,0.934
4888,0.945
4889,0.939
4890,0.955
4891,0.893
4892,0.844
4893,0.795
4894,0.770
4895,0.734
4896,0.729
4897,0.713
4898,0.727
4899,0.734
4900,0.750
4901,0.834
4902,0.859
4903,0.719
4904,0.701
4905,0.695
4906,0.719
4907,0.727
4908,0.750
4909,0.695
4910,0.555
4911,1.592
4912,0.688
4913,0.092
4914,0.766
4915,0.844
4916,0.840
4917,0.855
4918,0.875
4919,0.908
4920,0.934
4921,0.975
4922,0.990
4923,1.014
4924,1.029
4925,1.023
4926,1.029
4927,1.021
4928,1.023
4929,1.039
4930,1.049
4931,1.045
4932,1.021
4933,0.986
4934,0.945
4935,0.908
4936,0.881
4937,0.850
4938,0.840
4939,0.844
4940,0.850
4941,0.844
4942,0.932
4943,0.959
4944,0.840
4945,0.816
4946,0.824
4947,0.828
4948,0.840
4949,0.834
4950,0.840
4951,0.664
4952,1.691
4953,0.760
4954,0.180
4955,0.865
4956,0.924
4957,0.916
4958,0.939
4959,0.939
4960,0.945
4961,0.965
4962,1.000
4963,1.012
4964,1.006
4965,1.000
4966,0.996
4967,1.021
4968,1.006
4969,1.021
4970,1.012
4971,1.037
4972,1.012
4973,0.980
4974,0.934
4975,0.885
4976,0.834
4977,0.801
4978,0.775
4979,0.775
4980,0.766
4981,0.766
4982,0.785
4983,0.875
4984,0.891
4985,0.750
4986,0.734
4987,0.754
4988,0.775
4989,0.775
4990,0.775
4991,0.645
4992,0.621
4993,1.570
4994,0.223
4995,0.129
4996,0.859
4997,0.881
4998,0.850
4999,0.859
5000,0.881
5001,0.885
5002,0.900
5003,0.906
5004,0.922
5005,0.924
5006,0.922
5007,0.916
5008,0.916
5009,0.906
5010,0.900
5011,0.932
5012,0.934
5013,0.932
5014,0.891
5015,0.850
5016,0.779
5017,0.754
5018,0.727
5019,0.711
5020,0.688
5021,0.688
5022,0.686
5023,0.770
5024,0.834
5025,0.760
5026,0.686
5027,0.713
5028,0.711
5029,0.711
5030,0.727
5031,0.719
5032,0.590
5033,1.307
5034,1.512
5035,0.123
5036,0.711
5037,0.850
5038,0.828
5039,0.824
5040,0.859
5041,0.859
5042,0.865
5043,0.891
5044,0.922
5045,0.893
5046,0.906
5047,0.916
5048,0.908
5049,0.900
5050,0.908
5051,0.934
5052,0.955
5053,0.949
5054,0.932
5055,0.875
5056,0.801
5057,0.766
5058,0.729
5059,0.734
5060,0.701
5061,0.695
5062,0.688
5063,0.727
5064,0.795
5065,0.824
5066,0.695
5067,0.660
5068,0.695
5069,0.729
5070,0.734
5071,0.719
5072,0.635
5073,0.590
5074,1.543
5075,0.254
5076,0.117
5077,0.840
5078,0.881
5079,0.834
5080,0.869
5081,0.850
5082,0.922
5083,0.916
5084,0.906
5085,0.924
5086,0.955
5087,0.939
5088,0.965
5089,0.971
5090,0.939
5091,1.012
5092,1.014
5093,0.990
5094,1.039
5095,0.975
5096,0.891
5097,0.834
5098,0.828
5099,0.785
5100,0.750
5101,0.766
5102,0.818
5103,0.818
5104,0.828
5105,0.934
5106,0.945
5107,0.816
5108,0.855
5109,0.875
5110,0.855
5111,0.924
5112,0.934
5113,0.766
5114,1.453
5115,1.691
5116,0.232
5117,0.916
5118,1.111
5119,1.102
5120,1.135
5121,1.211
5122,1.260
5123,1.307
5124,1.355
5125,1.400
5126,1.387
5127,1.422
5128,1.445
5129,1.406
5130,1.439
5131,1.445
5132,1.439
5133,1.527
5134,1.586
5135,1.566
5136,1.477
5137,1.381
5138,1.375
5139,1.381
5140,1.363
5141,1.363
5142,1.316
5143,1.275
5144,1.291
5145,1.396
5146,1.453
5147,1.316
5148,1.270
5149,1.256
5150,1.307
5151,1.332
5152,1.396
5153,1.400
5154,1.242
5155,2.076
5156,1.090
5157,0.621
5158,1.365
5159,1.512
5160,1.496
5161,1.537
5162,1.561
5163,1.611
5164,1.617
5165,1.607
5166,1.633
5167,1.701
5168,1.697
5169,1.648
5170,1.686
5171,1.701
5172,1.717
5173,1.732
5174,1.727
5175,1.787
5176,1.723
5177,1.674
5178,1.621
5179,1.566
5180,1.537
5181,1.521
5182,1.527
5183,1.512
5184,1.490
5185,1.512
5186,1.635
5187,1.650
5188,1.471
5189,1.428
5190,1.486
5191,1.480
5192,1.455
5193,1.496
5194,1.416
5195,1.348
5196,2.090
5197,0.955
5198,0.828
5199,1.471
5200,1.477
5201,1.543
5202,1.566
5203,1.553
5204,1.570
5205,1.582
5206,1.518
5207,1.658
5208,1.602
5209,1.586
5210,1.561
5211,1.582
5212,1.545
5213,1.582
5214,1.607
5215,1.537
5216,1.555
5217,1.480
5218,1.396
5219,1.365
5220,1.332
5221,1.242
5222,1.191
5223,1.180
5224,1.232
5225,1.195
5226,1.270
5227,1.301
5228,1.129
5229,1.080
5230,1.096
5231,1.102
5232,1.014
5233,1.045
5234,1.061
5235,0.855
5236,1.555
5237,1.781
5238,0.260
5239,0.885
5240,1.096
5241,1.111
5242,1.076
5243,1.039
5244,1.029
5245,1.061
5246,1.096
5247,1.080
5248,1.049
5249,1.000
5250,0.996
5251,1.121
5252,1.045
5253,1.012
5254,1.086
5255,0.996
5256,0.965
5257,0.916
5258,0.834
5259,0.818
5260,0.893
5261,0.766
5262,0.680
5263,0.613
5264,0.607
5265,0.664
5266,0.695
5267,0.760
5268,0.779
5269,0.590
5270,0.523
5271,0.518
5272,0.529
5273,0.523
5274,0.590
5275,0.490
5276,0.369
5277,1.270
5278,0.117
5279,-0.168
5280,0.605
5281,0.623
5282,0.645
5283,0.607
5284,0.645
5285,0.635
5286,0.639
5287,0.674
5288,0.680
5289,0.664
5290,0.688
5291,0.645
5292,0.635
5293,0.648
5294,0.645
5295,0.645
5296,0.660
5297,0.664
5298,0.629
5299,0.549
5300,0.469
5301,0.434
5302,0.391
5303,0.393
5304,0.354
5305,0.324
5306,0.328
5307,0.350
5308,0.416
5309,0.350
5310,0.271
5311,0.287
5312,0.297
5313,0.254
5314,0.238
5315,0.244
5316,0.059
5317,0.639
5318,1.037
5319,-0.389
5320,0.082
5321,0.318
5322,0.312
5323,0.363
5324,0.391
5325,0.375
5326,0.369
5327,0.402
5328,0.416
5329,0.400
5330,0.434
5331,0.449
5332,0.443
5333,0.428
5334,0.418
5335,0.459
5336,0.484
5337,0.453
5338,0.424
5339,0.369
5340,0.311
5341,0.238
5342,0.180
5343,0.143
5344,0.164
5345,0.174
5346,0.154
5347,0.174
5348,0.260
5349,0.295
5350,0.154
5351,0.105
5352,0.164
5353,0.170
5354,0.148
5355,0.133
5356,0.139
5357,0.049
5358,0.939
5359,0.117
5360,-0.473
5361,0.180
5362,0.264
5363,0.238
5364,0.279
5365,0.285
5366,0.270
5367,0.303
5368,0.271
5369,0.279
5370,0.271
5371,0.297
5372,0.270
5373,0.287
5374,0.303
5375,0.350
5376,0.344
5377,0.385
5378,0.359
5379,0.303
5380,0.260
5381,0.203
5382,0.113
5383,0.139
5384,0.076
5385,0.012
5386,-0.041
5387,-0.131
5388,-0.113
5389,-0.092
5390,-0.197
5391,-0.377
5392,-0.402
5393,-0.365
5394,-0.324
5395,-0.318
5396,-0.334
5397,-0.473
5398,-0.039
5399,0.402
5400,-0.887
5401,-0.377
5402,-0.016
5403,0.059
5404,0.043
5405,-0.008
5406,-0.016
5407,0.027
5408,0.107
5409,0.082
5410,0.076
5411,0.129
5412,0.049
5413,0.027
5414,0.064
5415,0.098
5416,0.158
5417,0.164
5418,0.066
5419,0.049
5420,0.018
5421,-0.057
5422,-0.107
5423,-0.137
5424,-0.162
5425,-0.107
5426,-0.104
5427,-0.152
5428,-0.203
5429,-0.209
5430,-0.098
5431,-0.197
5432,-0.178
5433,-0.168
5434,-0.234
5435,-0.262
5436,-0.299
5437,-0.365
5438,-0.492
5439,0.338
5440,-0.398
5441,-0.822
5442,-0.072
5443,-0.088
5444,-0.072
5445,-0.104
5446,-0.008
5447,0.002
5448,0.018
5449,0.066
5450,0.092
5451,0.066
5452,0.092
5453,0.074
5454,0.113
5455,0.098
5456,0.090
5457,0.139
5458,0.143
5459,0.129
5460,0.174
5461,0.090
5462,0.027
5463,-0.031
5464,-0.072
5465,-0.047
5466,0.018
5467,0.002
5468,0.039
5469,0.090
5470,0.117
5471,0.074
5472,0.049
5473,0.053
5474,0.033
5475,0.027
5476,0.074
5477,0.107
5478,-0.031
5479,-0.039
5480,0.686
5481,-0.592
5482,-0.168
5483,0.158
5484,0.170
5485,0.197
5486,0.229
5487,0.264
5488,0.287
5489,0.312
5490,0.311
5491,0.385
5492,0.418
5493,0.443
5494,0.490
5495,0.484
5496,0.518
5497,0.529
5498,0.529
5499,0.555
5500,0.559
5501,0.533
5502,0.500
5503,0.434
5504,0.416
5505,0.439
5506,0.418
5507,0.402
5508,0.416
5509,0.424
5510,0.508
5511,0.605
5512,0.490
5513,0.439
5514,0.459
5515,0.449
5516,0.492
5517,0.514
5518,0.459
5519,0.334
5520,1.076
5521,0.434
5522,0.000
5523,0.660
5524,0.701
5525,0.680
5526,0.703
5527,0.754
5528,0.770
5529,0.779
5530,0.785
5531,0.840
5532,0.834
5533,0.824
5534,0.881
5535,0.891
5536,0.881
5537,0.922
5538,0.955
5539,0.934
5540,0.932
5541,0.908
5542,0.855
5543,0.803
5544,0.816
5545,0.744
5546,0.734
5547,0.744
5548,0.727
5549,0.729
5550,0.785
5551,0.869
5552,0.881
5553,0.801
5554,0.775
5555,0.791
5556,0.775
5557,0.803
5558,0.824
5559,0.674
5560,0.664
5561,1.527
5562,0.285
5563,0.635
5564,0.949
5565,0.971
5566,0.965
5567,0.986
5568,1.014
5569,1.023
5570,1.012
5571,1.064
5572,1.080
5573,1.076
5574,1.096
5575,1.150
5576,1.143
5577,1.145
5578,1.121
5579,1.154
5580,1.145
5581,1.135
5582,1.090
5583,1.023
5584,0.959
5585,0.908
5586,0.885
5587,0.859
5588,0.850
5589,0.844
5590,0.855
5591,0.906
5592,1.006
5593,0.934
5594,0.844
5595,0.840
5596,0.834
5597,0.816
5598,0.828
5599,0.855
5600,0.674
5601,1.242
5602,1.555
5603,0.229
5604,0.770
5605,0.990
5606,0.986
5607,0.971
5608,0.996
5609,1.012
5610,1.006
5611,1.055
5612,1.080
5613,1.090
5614,1.086
5615,1.090
5616,1.111
5617,1.121
5618,1.090
5619,1.113
5620,1.129
5621,1.145
5622,1.105
5623,1.064
5624,1.000
5625,0.965
5626,0.908
5627,0.893
5628,0.900
5629,0.881
5630,0.891
5631,0.908
5632,0.959
5633,1.023
5634,0.916
5635,0.840
5636,0.859
5637,0.865
5638,0.881
5639,0.865
5640,0.885
5641,0.711
5642,1.545
5643,0.803
5644,0.238
5645,0.891
5646,0.980
5647,0.971
5648,0.990
5649,0.990
5650,1.006
5651,1.021
5652,1.029
5653,1.023
5654,1.049
5655,1.045
5656,1.061
5657,1.055
5658,1.064
5659,1.055
5660,1.061
5661,1.070
5662,1.049
5663,1.014
5664,0.975
5665,0.922
5666,0.869
5667,0.844
5668,0.828
5669,0.816
5670,0.803
5671,0.818
5672,0.824
5673,0.916
5674,0.949
5675,0.801
5676,0.770
5677,0.791
5678,0.791
5679,0.795
5680,0.801
5681,0.680
5682,0.607
5683,1.521
5684,0.271
5685,0.188
5686,0.900
5687,0.924
5688,0.932
5689,0.934
5690,0.945
5691,0.939
5692,0.965
5693,0.975
5694,0.996
5695,1.006
5696,1.006
5697,1.006
5698,1.012
5699,1.006
5700,1.014
5701,1.021
5702,1.029
5703,1.012
5704,0.975
5705,0.908
5706,0.859
5707,0.816
5708,0.791
5709,0.775
5710,0.775
5711,0.754
5712,0.766
5713,0.795
5714,0.893
5715,0.908
5716,0.750
5717,0.734
5718,0.738
5719,0.750
5720,0.754
5721,0.766
5722,0.564
5723,1.096
5724,1.455
5725,0.113
5726,0.639
5727,0.885
5728,0.875
5729,0.900
5730,0.906
5731,0.916
5732,0.932
5733,0.949
5734,0.965
5735,0.971
5736,0.975
5737,0.986
5738,0.990
5739,0.980
5740,0.975
5741,0.980
5742,0.996
5743,0.990
5744,0.975
5745,0.922
5746,0.859
5747,0.816
5748,0.779
5749,0.754
5750,0.750
5751,0.734
5752,0.729
5753,0.734
5754,0.785
5755,0.855
5756,0.779
5757,0.680
5758,0.695
5759,0.701
5760,0.711
5761,0.713
5762,0.719
5763,0.523
5764,1.266
5765,1.422
5766,0.107
5767,0.701
5768,0.828
5769,0.840
5770,0.840
5771,0.850
5772,0.850
5773,0.881
5774,0.891
5775,0.908
5776,0.906
5777,0.922
5778,0.916
5779,0.922
5780,0.906
5781,0.900
5782,0.939
5783,0.934
5784,0.939
5785,0.916
5786,0.855
5787,0.811
5788,0.760
5789,0.727
5790,0.695
5791,0.686
5792,0.686
5793,0.686
5794,0.703
5795,0.760
5796,0.828
5797,0.703
5798,0.645
5799,0.639
5800,0.654
5801,0.660
5802,0.686
5803,0.605
5804,0.465
5805,1.340
5806,0.424
5807,-0.014
5808,0.688
5809,0.775
5810,0.766
5811,0.775
5812,0.779
5813,0.785
5814,0.801
5815,0.816
5816,0.803
5817,0.818
5818,0.816
5819,0.834
5820,0.818
5821,0.818
5822,0.816
5823,0.824
5824,0.824
5825,0.834
5826,0.785
5827,0.738
5828,0.686
5829,0.639
5830,0.596
5831,0.582
5832,0.564
5833,0.555
5834,0.570
5835,0.564
5836,0.686
5837,0.713
5838,0.570
5839,0.539
5840,0.555
5841,0.564
5842,0.559
5843,0.555
5844,0.428
5845,0.354
5846,1.260
5847,-0.008
5848,-0.072
5849,0.621
5850,0.639
5851,0.635
5852,0.660
5853,0.670
5854,0.686
5855,0.719
5856,0.734
5857,0.754
5858,0.775
5859,0.785
5860,0.779
5861,0.791
5862,0.795
5863,0.834
5864,0.840
5865,0.859
5866,0.850
5867,0.811
5868,0.770
5869,0.734
5870,0.695
5871,0.680
5872,0.670
5873,0.654
5874,0.645
5875,0.654
5876,0.688
5877,0.803
5878,0.744
5879,0.639
5880,0.635
5881,0.660
5882,0.645
5883,0.660
5884,0.670
5885,0.480
5886,1.061
5887,1.348
5888,0.043
5889,0.607
5890,0.803
5891,0.801
5892,0.824
5893,0.834
5894,0.875
5895,0.893
5896,0.916
5897,0.934
5898,0.955
5899,0.955
5900,0.971
5901,0.971
5902,0.980
5903,0.986
5904,1.000
5905,1.006
5906,0.996
5907,0.965
5908,0.922
5909,0.855
5910,0.816
5911,0.766
5912,0.744
5913,0.734
5914,0.729
5915,0.734
5916,0.727
5917,0.811
5918,0.865
5919,0.766
5920,0.701
5921,0.703
5922,0.719
5923,0.729
5924,0.734
5925,0.686
5926,0.555
5927,1.391
5928,0.492
5929,0.076
5930,0.801
5931,0.855
5932,0.855
5933,0.875
5934,0.881
5935,0.891
5936,0.916
5937,0.932
5938,0.945
5939,0.939
5940,0.955
5941,0.949
5942,0.959
5943,0.955
5944,0.971
5945,0.975
5946,0.986
5947,0.959
5948,0.922
5949,0.869
5950,0.824
5951,0.770
5952,0.750
5953,0.727
5954,0.719
5955,0.727
5956,0.711
5957,0.744
5958,0.840
5959,0.869
5960,0.703
5961,0.688
5962,0.695
5963,0.703
5964,0.719
5965,0.729
5966,0.564
5967,0.559
5968,1.285
5969,0.092
5970,0.508
5971,0.818
5972,0.824
5973,0.828
5974,0.840
5975,0.865
5976,0.859
5977,0.881
5978,0.885
5979,0.900
5980,0.906
5981,0.908
5982,0.906
5983,0.906
5984,0.906
5985,0.916
5986,0.906
5987,0.908
5988,0.893
5989,0.844
5990,0.785
5991,0.729
5992,0.688
5993,0.660
5994,0.660
5995,0.635
5996,0.635
5997,0.635
5998,0.680
5999,0.770
6000,0.701
6001,0.598
6002,0.596
6003,0.605
6004,0.621
6005,0.623
6006,0.629
6007,0.439
6008,1.076
6009,1.260
6010,0.000
6011,0.596
6012,0.738
6013,0.744
6014,0.760
6015,0.775
6016,0.795
6017,0.803
6018,0.818
6019,0.824
6020,0.834
6021,0.840
6022,0.828
6023,0.840
6024,0.840
6025,0.844
6026,0.844
6027,0.865
6028,0.844
6029,0.818
6030,0.760
6031,0.703
6032,0.654
6033,0.629
6034,0.607
6035,0.598
6036,0.605
6037,0.607
6038,0.605
6039,0.670
6040,0.734
6041,0.598
6042,0.555
6043,0.559
6044,0.580
6045,0.596
6046,0.605
6047,0.523
6048,0.402
6049,1.297
6050,0.270
6051,-0.066
6052,0.680
6053,0.734
6054,0.727
6055,0.750
6056,0.744
6057,0.785
6058,0.811
6059,0.816
6060,0.818
6061,0.840
6062,0.850
6063,0.859
6064,0.850
6065,0.859
6066,0.881
6067,0.893
6068,0.906
6069,0.885
6070,0.834
6071,0.785
6072,0.713
6073,0.680
6074,0.645
6075,0.639
6076,0.621
6077,0.623
6078,0.613
6079,0.664
6080,0.734
6081,0.754
6082,0.596
6083,0.570
6084,0.580
6085,0.596
6086,0.605
6087,0.607
6088,0.453
6089,0.416
6090,1.432
6091,0.008
6092,-0.057
6093,0.703
6094,0.754
6095,0.760
6096,0.770
6097,0.785
6098,0.818
6099,0.816
6100,0.850
6101,0.875
6102,0.893
6103,0.906
6104,0.900
6105,0.916
6106,0.922
6107,0.934
6108,0.959
6109,0.971
6110,0.955
6111,0.908
6112,0.818
6113,0.770
6114,0.719
6115,0.701
6116,0.688
6117,0.688
6118,0.703
6119,0.713
6120,0.738
6121,0.850
6122,0.865
6123,0.713
6124,0.701
6125,0.713
6126,0.754
6127,0.775
6128,0.760
6129,0.596
6130,1.195
6131,1.832
6132,0.092
6133,0.076
6134,0.828
6135,0.885
6136,0.934
6137,0.955
6138,0.971
6139,0.955
6140,0.949
6141,0.955
6142,0.934
6143,0.949
6144,0.955
6145,0.934
6146,0.949
6147,0.834
6148,0.574
6149,0.529
6150,0.654
6151,0.621
6152,0.570
6153,0.518
6154,0.514
6155,0.545
6156,0.539
6157,0.523
6158,0.523
6159,0.580
6160,0.574
6161,0.596
6162,0.701
6163,0.754
6164,0.648
6165,0.598
6166,0.629
6167,0.645
6168,0.660
6169,0.670
6170,0.465
6171,0.875
6172,1.371
6173,0.000
6174,0.318
6175,0.701
6176,0.729
6177,0.701
6178,0.744
6179,0.795
6180,0.816
6181,0.785
6182,0.803
6183,0.844
6184,0.869
6185,0.908
6186,0.850
6187,0.875
6188,0.893
6189,0.891
6190,0.949
6191,0.955
6192,0.893
6193,0.834
6194,0.840
6195,0.775
6196,0.719
6197,0.670
6198,0.660
6199,0.639
6200,0.635
6201,0.688
6202,0.660
6203,0.750
6204,0.795
6205,0.686
6206,0.701
6207,0.664
6208,0.639
6209,0.654
6210,0.639
6211,0.545
6212,0.906
6213,1.400
6214,0.107
6215,0.434
6216,0.801
6217,0.816
6218,0.791
6219,0.775
6220,0.803
6221,0.844
6222,0.855
6223,0.893
6224,0.922
6225,0.908
6226,0.885
6227,0.891
6228,0.908
6229,0.934
6230,0.939
6231,0.949
6232,0.916
6233,0.932
6234,0.816
6235,0.760
6236,0.703
6237,0.674
6238,0.686
6239,0.605
6240,0.570
6241,0.590
6242,0.623
6243,0.645
6244,0.703
6245,0.719
6246,0.590
6247,0.545
6248,0.555
6249,0.555
6250,0.484
6251,0.518
6252,0.443
6253,0.344
6254,1.285
6255,0.238
6256,-0.014
6257,0.621
6258,0.645
6259,0.613
6260,0.674
6261,0.686
6262,0.680
6263,0.738
6264,0.711
6265,0.688
6266,0.719
6267,0.729
6268,0.703
6269,0.727
6270,0.738
6271,0.760
6272,0.770
6273,0.738
6274,0.738
6275,0.713
6276,0.701
6277,0.654
6278,0.607
6279,0.574
6280,0.529
6281,0.480
6282,0.465
6283,0.475
6284,0.453
6285,0.555
6286,0.590
6287,0.449
6288,0.443
6289,0.484
6290,0.434
6291,0.449
6292,0.500
6293,0.400
6294,0.324
6295,1.129
6296,0.082
6297,-0.131
6298,0.605
6299,0.621
6300,0.564
6301,0.664
6302,0.674
6303,0.664
6304,0.711
6305,0.701
6306,0.695
6307,0.686
6308,0.713
6309,0.738
6310,0.754
6311,0.727
6312,0.711
6313,0.779
6314,0.734
6315,0.729
6316,0.744
6317,0.686
6318,0.621
6319,0.590
6320,0.555
6321,0.596
6322,0.590
6323,0.596
6324,0.570
6325,0.574
6326,0.635
6327,0.729
6328,0.621
6329,0.570
6330,0.564
6331,0.605
6332,0.607
6333,0.582
6334,0.621
6335,0.475
6336,1.191
6337,0.287
6338,-0.039
6339,0.727
6340,0.775
6341,0.818
6342,0.840
6343,0.844
6344,0.811
6345,0.801
6346,0.834
6347,0.893
6348,0.924
6349,0.900
6350,0.934
6351,0.945
6352,0.924
6353,0.922
6354,0.965
6355,0.980
6356,0.939
6357,0.900
6358,0.891
6359,0.859
6360,0.811
6361,0.766
6362,0.729
6363,0.703
6364,0.670
6365,0.713
6366,0.734
6367,0.801
6368,0.881
6369,0.795
6370,0.734
6371,0.775
6372,0.766
6373,0.770
6374,0.754
6375,0.719
6376,0.582
6377,1.316
6378,1.506
6379,0.113
6380,0.738
6381,0.881
6382,0.869
6383,0.906
6384,0.908
6385,0.891
6386,0.934
6387,0.924
6388,0.949
6389,0.932
6390,0.965
6391,0.971
6392,0.939
6393,0.975
6394,0.986
6395,0.990
6396,0.996
6397,0.965
6398,0.939
6399,0.891
6400,0.865
6401,0.834
6402,0.801
6403,0.760
6404,0.785
6405,0.770
6406,0.744
6407,0.754
6408,0.795
6409,0.891
6410,0.906
6411,0.719
6412,0.711
6413,0.754
6414,0.791
6415,0.801
6416,0.770
6417,0.674
6418,0.582
6419,1.400
6420,0.203
6421,0.129
6422,0.875
6423,0.945
6424,0.869
6425,0.893
6426,0.906
6427,0.881
6428,0.916
6429,0.934
6430,0.965
6431,0.945
6432,0.971
6433,1.014
6434,1.023
6435,0.980
6436,0.990
6437,0.955
6438,0.955
6439,0.996
6440,0.955
6441,0.885
6442,0.834
6443,0.795
6444,0.801
6445,0.770
6446,0.744
6447,0.766
6448,0.770
6449,0.744
6450,0.824
6451,0.908
6452,0.701
6453,0.621
6454,0.674
6455,0.660
6456,0.750
6457,0.713
6458,0.660
6459,0.559
6460,1.396
6461,0.621
6462,0.090
6463,0.791
6464,0.859
6465,0.844
6466,0.840
6467,0.850
6468,0.865
6469,0.844
6470,0.875
6471,0.924
6472,0.916
6473,0.908
6474,0.916
6475,0.840
6476,0.906
6477,0.770
6478,0.891
6479,0.945
6480,0.680
6481,0.811
6482,0.924
6483,0.850
6484,0.775
6485,0.654
6486,0.701
6487,0.670
6488,0.629
6489,0.596
6490,0.648
6491,0.727
6492,0.803
6493,0.711
6494,0.670
6495,0.607
6496,0.713
6497,0.680
6498,0.734
6499,0.711
6500,0.545
6501,1.006
6502,1.260
6503,0.133
6504,0.801
6505,0.908
6506,0.729
6507,0.881
6508,0.770
6509,0.855
6510,0.900
6511,0.865
6512,0.881
6513,0.811
6514,0.824
6515,0.924
6516,0.875
6517,1.029
6518,0.900
6519,0.875
6520,0.924
6521,1.006
6522,0.818
6523,0.859
6524,0.775
6525,0.695
6526,0.639
6527,0.750
6528,0.590
6529,0.555
6530,0.701
6531,0.680
6532,0.648
6533,0.803
6534,0.859
6535,0.711
6536,0.664
6537,0.729
6538,0.654
6539,0.766
6540,0.686
6541,0.775
6542,0.613
6543,1.219
6544,0.164
6545,0.139
6546,0.818
6547,0.834
6548,0.900
6549,0.828
6550,0.775
6551,0.916
6552,0.855
6553,0.891
6554,0.949
6555,0.891
6556,0.934
6557,0.949
6558,0.885
6559,0.934
6560,0.965
6561,0.900
6562,0.881
6563,0.939
6564,0.855
6565,0.775
6566,0.754
6567,0.729
6568,0.654
6569,0.629
6570,0.680
6571,0.654
6572,0.670
6573,0.703
6574,0.680
6575,0.770
6576,0.654
6577,0.688
6578,0.596
6579,0.545
6580,0.680
6581,0.621
6582,0.564
6583,0.484
6584,1.000
6585,1.266
6586,-0.039
6587,0.629
6588,0.811
6589,0.760
6590,0.859
6591,0.865
6592,0.834
6593,0.934
6594,0.932
6595,0.986
6596,1.014
6597,1.049
6598,1.000
6599,1.086
6600,1.090
6601,1.023
6602,1.086
6603,1.070
6604,1.070
6605,1.039
6606,0.975
6607,0.906
6608,0.865
6609,0.824
6610,0.840
6611,0.734
6612,0.791
6613,0.738
6614,0.734
6615,0.713
6616,0.811
6617,0.893
6618,0.738
6619,0.674
6620,0.686
6621,0.701
6622,0.744
6623,0.701
6624,0.744
6625,0.639
6626,1.400
6627,0.539
6628,0.008
6629,0.801
6630,0.939
6631,0.881
6632,0.980
6633,0.916
6634,0.990
6635,0.971
6636,1.012
6637,1.029
6638,1.000
6639,1.061
6640,1.037
6641,1.064
6642,0.990
6643,0.922
6644,1.000
6645,0.949
6646,0.932
6647,0.965
6648,0.855
6649,0.869
6650,0.711
6651,0.719
6652,0.744
6653,0.686
6654,0.639
6655,0.660
6656,0.670
6657,0.660
6658,0.729
6659,0.738
6660,0.598
6661,0.582
6662,0.596
6663,0.559
6664,0.605
6665,0.623
6666,0.490
6667,0.439
6668,1.307
6669,0.012
6670,-0.008
6671,0.738
6672,0.795
6673,0.734
6674,0.711
6675,0.711
6676,0.738
6677,0.727
6678,0.824
6679,0.816
6680,0.801
6681,0.828
6682,0.840
6683,0.834
6684,0.803
6685,0.779
6686,0.869
6687,0.795
6688,0.785
6689,0.801
6690,0.688
6691,0.695
6692,0.598
6693,0.500
6694,0.518
6695,0.508
6696,0.465
6697,0.492
6698,0.480
6699,0.533
6700,0.623
6701,0.465
6702,0.449
6703,0.459
6704,0.508
6705,0.518
6706,0.469
6707,0.465
6708,0.354
6709,1.070
6710,1.191
6711,-0.023
6712,0.529
6713,0.744
6714,0.686
6715,0.645
6716,0.734
6717,0.727
6718,0.738
6719,0.703
6720,0.811
6721,0.850
6722,0.770
6723,0.840
6724,0.850
6725,0.828
6726,0.818
6727,0.850
6728,0.785
6729,0.828
6730,0.850
6731,0.727
6732,0.670
6733,0.580
6734,0.533
6735,0.598
6736,0.555
6737,0.533
6738,0.559
6739,0.523
6740,0.605
6741,0.727
6742,0.654
6743,0.580
6744,0.539
6745,0.574
6746,0.598
6747,0.570
6748,0.559
6749,0.439
6750,1.000
6751,1.234
6752,0.018
6753,0.621
6754,0.754
6755,0.727
6756,0.770
6757,0.760
6758,0.779
6759,0.775
6760,0.818
6761,0.855
6762,0.828
6763,0.906
6764,0.924
6765,0.865
6766,0.924
6767,0.939
6768,0.875
6769,0.945
6770,0.906
6771,0.891
6772,0.824
6773,0.795
6774,0.729
6775,0.629
6776,0.621
6777,0.660
6778,0.635
6779,0.596
6780,0.574
6781,0.645
6782,0.770
6783,0.775
6784,0.623
6785,0.607
6786,0.623
6787,0.648
6788,0.660
6789,0.645
6790,0.508
6791,0.916
6792,1.244
6793,0.059
6794,0.539
6795,0.811
6796,0.795
6797,0.785
6798,0.816
6799,0.803
6800,0.855
6801,0.818
6802,0.881
6803,0.859
6804,0.893
6805,0.893
6806,0.900
6807,0.881
6808,0.875
6809,0.906
6810,0.875
6811,0.906
6812,0.869
6813,0.865
6814,0.775
6815,0.719
6816,0.686
6817,0.639
6818,0.674
6819,0.621
6820,0.607
6821,0.635
6822,0.670
6823,0.775
6824,0.660
6825,0.596
6826,0.621
6827,0.660
6828,0.645
6829,0.605
6830,0.635
6831,0.508
6832,0.934
6833,1.227
6834,0.053
6835,0.570
6836,0.801
6837,0.779
6838,0.791
6839,0.803
6840,0.818
6841,0.850
6842,0.875
6843,0.891
6844,0.881
6845,0.891
6846,0.893
6847,0.881
6848,0.916
6849,0.908
6850,0.939
6851,0.916
6852,0.908
6853,0.875
6854,0.891
6855,0.795
6856,0.750
6857,0.713
6858,0.674
6859,0.648
6860,0.695
6861,0.674
6862,0.703
6863,0.703
6864,0.824
6865,0.840
6866,0.639
6867,0.635
6868,0.648
6869,0.664
6870,0.639
6871,0.674
6872,0.539
6873,0.523
6874,1.113
6875,0.008
6876,0.475
6877,0.844
6878,0.834
6879,0.869
6880,0.850
6881,0.840
6882,0.891
6883,0.916
6884,0.922
6885,0.932
6886,0.916
6887,0.955
6888,0.965
6889,0.949
6890,0.971
6891,0.965
6892,1.000
6893,1.006
6894,0.932
6895,0.875
6896,0.824
6897,0.770
6898,0.734
6899,0.688
6900,0.680
6901,0.701
6902,0.670
6903,0.670
6904,0.688
6905,0.791
6906,0.818
6907,0.648
6908,0.635
6909,0.645
6910,0.639
6911,0.639
6912,0.654
6913,0.539
6914,0.480
6915,1.154
6916,0.012
6917,0.408
6918,0.779
6919,0.803
6920,0.801
6921,0.811
6922,0.828
6923,0.824
6924,0.844
6925,0.865
6926,0.875
6927,0.885
6928,0.900
6929,0.916
6930,0.885
6931,0.922
6932,0.934
6933,0.949
6934,0.959
6935,0.932
6936,0.881
6937,0.818
6938,0.766
6939,0.729
6940,0.701
6941,0.686
6942,0.680
6943,0.674
6944,0.664
6945,0.713
6946,0.803
6947,0.834
6948,0.674
6949,0.629
6950,0.664
6951,0.674
6952,0.670
6953,0.686
6954,0.605
6955,0.469
6956,1.340
6957,0.188
6958,-0.123
6959,0.713
6960,0.834
6961,0.816
6962,0.824
6963,0.811
6964,0.850
6965,0.844
6966,0.865
6967,0.850
6968,0.891
6969,0.869
6970,0.881
6971,0.885
6972,0.869
6973,0.865
6974,0.906
6975,0.893
6976,0.875
6977,0.834
6978,0.754
6979,0.703
6980,0.664
6981,0.639
6982,0.621
6983,0.623
6984,0.621
6985,0.629
6986,0.635
6987,0.680
6988,0.766
6989,0.648
6990,0.582
6991,0.596
6992,0.613
6993,0.607
6994,0.635
6995,0.607
6996,0.443
6997,1.217
6998,1.477
6999,-0.113
7000,0.545
7001,0.795
7002,0.803
7003,0.816
7004,0.834
7005,0.840
7006,0.855
7007,0.881
7008,0.922
7009,0.939
7010,0.945
7011,0.939
7012,0.939
7013,0.932
7014,0.949
7015,0.971
7016,0.971
7017,0.945
7018,0.900
7019,0.859
7020,0.795
7021,0.744
7022,0.703
7023,0.701
7024,0.686
7025,0.695
7026,0.688
7027,0.703
7028,0.727
7029,0.824
7030,0.754
7031,0.639
7032,0.629
7033,0.670
7034,0.674
7035,0.680
7036,0.686
7037,0.514
7038,0.908
7039,1.486
7040,0.008
7041,0.363
7042,0.811
7043,0.844
7044,0.855
7045,0.859
7046,0.875
7047,0.885
7048,0.893
7049,0.924
7050,0.949
7051,0.965
7052,0.975
7053,0.980
7054,1.000
7055,1.006
7056,1.006
7057,0.996
7058,0.990
7059,0.959
7060,0.906
7061,0.828
7062,0.775
7063,0.719
7064,0.688
7065,0.670
7066,0.660
7067,0.654
7068,0.645
7069,0.695
7070,0.770
7071,0.801
7072,0.635
7073,0.607
7074,0.607
7075,0.607
7076,0.621
7077,0.635
7078,0.523
7079,0.393
7080,1.445
7081,0.285
7082,-0.162
7083,0.639
7084,0.729
7085,0.719
7086,0.713
7087,0.750
7088,0.754
7089,0.766
7090,0.779
7091,0.801
7092,0.816
7093,0.844
7094,0.859
7095,0.844
7096,0.850
7097,0.844
7098,0.859
7099,0.811
7100,0.766
7101,0.701
7102,0.648
7103,0.574
7104,0.533
7105,0.492
7106,0.469
7107,0.449
7108,0.428
7109,0.424
7110,0.443
7111,0.492
7112,0.545
7113,0.428
7114,0.363
7115,0.359
7116,0.369
7117,0.375
7118,0.377
7119,0.391
7120,0.158
7121,0.965
7122,1.266
7123,-0.303
7124,0.359
7125,0.598
7126,0.590
7127,0.623
7128,0.635
7129,0.695
7130,0.744
7131,0.779
7132,0.818
7133,0.844
7134,0.850
7135,0.891
7136,0.996
7137,1.023
7138,1.049
7139,1.061
7140,1.061
7141,1.049
7142,1.000
7143,0.924
7144,0.824
7145,0.770
7146,0.754
7147,0.738
7148,0.750
7149,0.734
7150,0.760
7151,0.795
7152,0.855
7153,0.955
7154,0.975
7155,0.840
7156,0.891
7157,0.922
7158,0.990
7159,1.045
7160,1.096
7161,0.885
7162,1.412
7163,2.074
7164,0.469
7165,0.449
7166,1.207
7167,1.250
7168,1.260
7169,1.256
7170,1.486
7171,1.674
7172,1.648
7173,1.676
7174,1.602
7175,1.596
7176,1.607
7177,1.635
7178,1.611
7179,1.635
7180,1.607
7181,1.611
7182,1.576
7183,1.545
7184,1.506
7185,1.387
7186,1.311
7187,1.275
7188,1.270
7189,1.270
7190,1.260
7191,1.285
7192,1.322
7193,1.371
7194,1.438
7195,1.445
7196,1.355
7197,1.355
7198,1.432
7199,1.461
7200,1.490
7201,1.480
7202,1.422
7203,1.334
7204,2.090
7205,1.186
7206,0.828
7207,1.648
7208,1.750
7209,1.803
7210,1.893
7211,1.959
7212,2.037
7213,2.074
7214,2.090
7215,2.090
7216,2.090
7217,2.090
7218,2.090
7219,2.090
7220,2.090
7221,2.090
7222,2.090
7223,2.090
7224,2.090
7225,2.090
7226,2.090
7227,2.090
7228,2.090
7229,2.090
7230,2.090
7231,2.090
7232,2.090
7233,2.090
7234,2.090
7235,2.090
7236,2.090
7237,2.090
7238,2.090
7239,2.090
7240,2.090
7241,2.090
7242,2.090
7243,2.090
7244,2.043
7245,2.090
7246,1.893
7247,1.391
7248,2.090
7249,2.090
7250,2.090
7251,2.090
7252,2.090
7253,2.090
7254,2.090
7255,2.090
7256,2.090
7257,2.090
7258,2.090
7259,2.090
7260,2.090
7261,2.090
7262,2.090
7263,2.090
7264,2.090
7265,2.090
7266,2.027
7267,1.986
7268,1.953
7269,1.812
7270,1.781
7271,1.828
7272,1.766
7273,1.822
7274,1.775
7275,1.797
7276,1.816
7277,1.748
7278,1.666
7279,1.617
7280,1.643
7281,1.617
7282,1.650
7283,1.717
7284,1.635
7285,1.582
7286,2.090
7287,1.211
7288,0.859
7289,1.701
7290,1.742
7291,1.697
7292,1.660
7293,1.676
7294,1.635
7295,1.660
7296,1.648
7297,1.676
7298,1.648
7299,1.676
7300,1.738
7301,1.658
7302,1.592
7303,1.633
7304,1.643
7305,1.529
7306,1.438
7307,1.381
7308,1.234
7309,1.170
7310,1.090
7311,1.021
7312,0.934
7313,0.875
7314,0.816
7315,0.908
7316,0.934
7317,0.816
7318,0.729
7319,0.545
7320,0.480
7321,0.500
7322,0.428
7323,0.270
7324,0.285
7325,0.188
7326,-0.008
7327,0.686
7328,0.922
7329,-0.742
7330,-0.252
7331,-0.107
7332,-0.203
7333,-0.268
7334,-0.389
7335,-0.414
7336,-0.467
7337,-0.482
7338,-0.529
7339,-0.566
7340,-0.512
7341,-0.479
7342,-0.455
7343,-0.367
7344,-0.455
7345,-0.488
7346,-0.457
7347,-0.434
7348,-0.430
7349,-0.512
7350,-0.537
7351,-0.621
7352,-0.756
7353,-0.787
7354,-0.764
7355,-0.756
7356,-0.723
7357,-0.701
7358,-0.643
7359,-0.611
7360,-0.545
7361,-0.607
7362,-0.674
7363,-0.682
7364,-0.627
7365,-0.602
7366,-0.643
7367,-0.650
7368,-0.775
7369,-0.334
7370,-0.066
7371,-1.086
7372,-0.775
7373,-0.582
7374,-0.545
7375,-0.555
7376,-0.543
7377,-0.506
7378,-0.479
7379,-0.512
7380,-0.488
7381,-0.447
7382,-0.447
7383,-0.439
7384,-0.414
7385,-0.418
7386,-0.408
7387,-0.365
7388,-0.342
7389,-0.367
7390,-0.352
7391,-0.455
7392,-0.512
7393,-0.543
7394,-0.566
7395,-0.582
7396,-0.570
7397,-0.607
7398,-0.543
7399,-0.545
7400,-0.527
7401,-0.488
7402,-0.447
7403,-0.383
7404,-0.424
7405,-0.512
7406,-0.492
7407,-0.447
7408,-0.434
7409,-0.402
7410,-0.389
7411,-0.457
7412,-0.527
7413,0.232
7414,-0.877
7415,-0.959
7416,-0.203
7417,-0.156
7418,-0.178
7419,-0.123
7420,-0.098
7421,-0.082
7422,-0.041
7423,-0.008
7424,0.012
7425,0.059
7426,0.066
7427,0.064
7428,0.105
7429,0.117
7430,0.143
7431,0.174
7432,0.195
7433,0.158
7434,0.107
7435,0.076
7436,0.039
7437,-0.016
7438,-0.039
7439,-0.016
7440,-0.031
7441,-0.039
7442,0.002
7443,0.023
7444,0.053
7445,0.092
7446,0.197
7447,0.098
7448,0.027
7449,0.053
7450,0.074
7451,0.105
7452,0.107
7453,0.090
7454,0.113
7455,-0.041
7456,0.834
7457,-0.342
7458,-0.545
7459,0.254
7460,0.338
7461,0.338
7462,0.359
7463,0.363
7464,0.359
7465,0.418
7466,0.416
7467,0.465
7468,0.459
7469,0.492
7470,0.506
7471,0.514
7472,0.533
7473,0.549
7474,0.545
7475,0.564
7476,0.545
7477,0.508
7478,0.439
7479,0.385
7480,0.354
7481,0.350
7482,0.324
7483,0.312
7484,0.328
7485,0.318
7486,0.324
7487,0.369
7488,0.418
7489,0.492
7490,0.416
7491,0.328
7492,0.354
7493,0.377
7494,0.385
7495,0.377
7496,0.416
7497,0.264
7498,0.223
7499,1.121
