'sample interval','RESP'
'0.008 sec','pm'
0,-0.210
1,-0.208
2,-0.205
3,-0.203
4,-0.200
5,-0.198
6,-0.193
7,-0.191
8,-0.188
9,-0.186
10,-0.183
11,-0.181
12,-0.176
13,-0.174
14,-0.169
15,-0.161
16,-0.156
17,-0.147
18,-0.139
19,-0.130
20,-0.120
21,-0.110
22,-0.098
23,-0.083
24,-0.068
25,-0.049
26,-0.029
27,-0.012
28,0.007
29,0.027
30,0.049
31,0.073
32,0.100
33,0.130
34,0.161
35,0.196
36,0.230
37,0.269
38,0.306
39,0.340
40,0.374
41,0.406
42,0.438
43,0.467
44,0.496
45,0.523
46,0.550
47,0.572
48,0.594
49,0.609
50,0.626
51,0.633
52,0.643
53,0.643
54,0.645
55,0.638
56,0.633
57,0.619
58,0.606
59,0.592
60,0.577
61,0.557
62,0.540
63,0.518
64,0.499
65,0.472
66,0.447
67,0.423
68,0.401
69,0.377
70,0.355
71,0.330
72,0.308
73,0.284
74,0.259
75,0.235
76,0.213
77,0.193
78,0.171
79,0.154
80,0.139
81,0.125
82,0.112
83,0.100
84,0.090
85,0.081
86,0.071
87,0.064
88,0.056
89,0.051
90,0.046
91,0.039
92,0.034
93,0.027
94,0.022
95,0.015
96,0.007
97,0.002
98,-0.005
99,-0.012
100,-0.020
101,-0.024
102,-0.032
103,-0.037
104,-0.044
105,-0.051
106,-0.056
107,-0.064
108,-0.071
109,-0.076
110,-0.083
111,-0.090
112,-0.095
113,-0.103
114,-0.110
115,-0.117
116,-0.125
117,-0.132
118,-0.139
119,-0.144
120,-0.149
121,-0.154
122,-0.156
123,-0.161
124,-0.164
125,-0.166
126,-0.169
127,-0.171
128,-0.171
129,-0.174
130,-0.174
131,-0.174
132,-0.174
133,-0.176
134,-0.176
135,-0.176
136,-0.176
137,-0.176
138,-0.176
139,-0.174
140,-0.174
141,-0.174
142,-0.171
143,-0.169
144,-0.166
145,-0.161
146,-0.156
147,-0.154
148,-0.149
149,-0.144
150,-0.137
151,-0.130
152,-0.122
153,-0.112
154,-0.103
155,-0.088
156,-0.071
157,-0.051
158,-0.032
159,-0.012
160,0.010
161,0.032
162,0.056
163,0.088
164,0.120
165,0.159
166,0.198
167,0.237
168,0.279
169,0.318
170,0.359
171,0.408
172,0.455
173,0.511
174,0.565
175,0.623
176,0.680
177,0.738
178,0.797
179,0.848
180,0.897
181,0.941
182,0.988
183,1.029
184,1.071
185,1.110
186,1.149
187,1.181
188,1.213
189,1.237
190,1.262
191,1.279
192,1.298
193,1.311
194,1.323
195,1.325
196,1.328
197,1.323
198,1.318
199,1.308
200,1.298
201,1.286
202,1.271
203,1.252
204,1.232
205,1.205
206,1.178
207,1.152
208,1.127
209,1.100
210,1.073
211,1.042
212,1.012
213,0.978
214,0.944
215,0.910
216,0.873
217,0.839
218,0.804
219,0.773
220,0.741
221,0.711
222,0.685
223,0.655
224,0.628
225,0.601
226,0.575
227,0.550
228,0.526
229,0.504
230,0.482
231,0.460
232,0.440
233,0.418
234,0.396
235,0.377
236,0.357
237,0.337
238,0.320
239,0.303
240,0.286
241,0.271
242,0.257
243,0.247
244,0.235
245,0.227
246,0.218
247,0.213
248,0.208
249,0.205
250,0.203
251,0.205
252,0.208
253,0.213
254,0.220
255,0.230
256,0.240
257,0.254
258,0.267
259,0.281
260,0.296
261,0.311
262,0.325
263,0.345
264,0.362
265,0.384
266,0.408
267,0.430
268,0.452
269,0.474
270,0.496
271,0.521
272,0.548
273,0.577
274,0.606
275,0.636
276,0.667
277,0.697
278,0.729
279,0.756
280,0.780
281,0.802
282,0.824
283,0.841
284,0.858
285,0.870
286,0.883
287,0.892
288,0.900
289,0.902
290,0.907
291,0.902
292,0.900
293,0.888
294,0.878
295,0.861
296,0.841
297,0.817
298,0.792
299,0.765
300,0.741
301,0.714
302,0.687
303,0.655
304,0.626
305,0.592
306,0.560
307,0.528
308,0.499
309,0.469
310,0.443
311,0.416
312,0.389
313,0.362
314,0.335
315,0.311
316,0.286
317,0.267
318,0.244
319,0.225
320,0.208
321,0.191
322,0.176
323,0.159
324,0.144
325,0.132
326,0.117
327,0.105
328,0.093
329,0.083
330,0.073
331,0.064
332,0.054
333,0.044
334,0.034
335,0.027
336,0.020
337,0.015
338,0.010
339,0.005
340,0.000
341,-0.002
342,-0.007
343,-0.007
344,-0.007
345,-0.005
346,0.000
347,0.002
348,0.007
349,0.015
350,0.020
351,0.032
352,0.044
353,0.064
354,0.083
355,0.108
356,0.134
357,0.166
358,0.198
359,0.230
360,0.262
361,0.291
362,0.323
363,0.359
364,0.396
365,0.435
366,0.477
367,0.511
368,0.548
369,0.582
370,0.614
371,0.645
372,0.677
373,0.707
374,0.733
375,0.753
376,0.775
377,0.785
378,0.797
379,0.802
380,0.807
381,0.802
382,0.800
383,0.785
384,0.773
385,0.748
386,0.726
387,0.699
388,0.675
389,0.645
390,0.619
391,0.584
392,0.553
393,0.516
394,0.479
395,0.440
396,0.403
397,0.369
398,0.333
399,0.301
400,0.269
401,0.242
402,0.215
403,0.191
404,0.169
405,0.147
406,0.125
407,0.108
408,0.090
409,0.076
410,0.059
411,0.046
412,0.032
413,0.020
414,0.007
415,-0.002
416,-0.015
417,-0.024
418,-0.032
419,-0.042
420,-0.049
421,-0.059
422,-0.066
423,-0.073
424,-0.081
425,-0.090
426,-0.098
427,-0.105
428,-0.112
429,-0.120
430,-0.125
431,-0.132
432,-0.137
433,-0.139
434,-0.144
435,-0.144
436,-0.147
437,-0.144
438,-0.144
439,-0.142
440,-0.137
441,-0.132
442,-0.127
443,-0.115
444,-0.103
445,-0.088
446,-0.071
447,-0.056
448,-0.039
449,-0.020
450,0.000
451,0.027
452,0.054
453,0.086
454,0.120
455,0.161
456,0.203
457,0.249
458,0.298
459,0.342
460,0.386
461,0.428
462,0.472
463,0.513
464,0.557
465,0.601
466,0.643
467,0.680
468,0.716
469,0.746
470,0.778
471,0.797
472,0.819
473,0.831
474,0.844
475,0.846
476,0.848
477,0.839
478,0.831
479,0.819
480,0.809
481,0.792
482,0.778
483,0.753
484,0.729
485,0.699
486,0.670
487,0.641
488,0.611
489,0.579
490,0.550
491,0.518
492,0.487
493,0.452
494,0.418
495,0.386
496,0.355
497,0.325
498,0.296
499,0.271
500,0.247
501,0.225
502,0.203
503,0.186
504,0.166
505,0.152
506,0.134
507,0.120
508,0.108
509,0.095
510,0.083
511,0.071
512,0.061
513,0.051
514,0.042
515,0.029
516,0.020
517,0.007
518,-0.002
519,-0.012
520,-0.022
521,-0.032
522,-0.039
523,-0.049
524,-0.059
525,-0.068
526,-0.078
527,-0.086
528,-0.095
529,-0.100
530,-0.108
531,-0.112
532,-0.120
533,-0.125
534,-0.130
535,-0.132
536,-0.134
537,-0.134
538,-0.134
539,-0.132
540,-0.130
541,-0.122
542,-0.117
543,-0.108
544,-0.095
545,-0.078
546,-0.061
547,-0.044
548,-0.024
549,-0.005
550,0.017
551,0.044
552,0.073
553,0.108
554,0.142
555,0.181
556,0.222
557,0.269
558,0.313
559,0.357
560,0.401
561,0.443
562,0.484
563,0.528
564,0.572
565,0.619
566,0.667
567,0.709
568,0.751
569,0.790
570,0.829
571,0.866
572,0.902
573,0.936
574,0.971
575,0.998
576,1.027
577,1.051
578,1.076
579,1.093
580,1.112
581,1.125
582,1.137
583,1.144
584,1.152
585,1.154
586,1.156
587,1.154
588,1.154
589,1.149
590,1.144
591,1.132
592,1.122
593,1.105
594,1.088
595,1.068
596,1.046
597,1.020
598,0.995
599,0.971
600,0.946
601,0.922
602,0.897
603,0.868
604,0.841
605,0.812
606,0.782
607,0.756
608,0.726
609,0.702
610,0.675
611,0.648
612,0.621
613,0.592
614,0.562
615,0.533
616,0.504
617,0.474
618,0.447
619,0.421
620,0.394
621,0.369
622,0.345
623,0.323
624,0.298
625,0.274
626,0.252
627,0.232
628,0.213
629,0.193
630,0.176
631,0.161
632,0.144
633,0.127
634,0.112
635,0.095
636,0.081
637,0.064
638,0.049
639,0.034
640,0.022
641,0.010
642,-0.002
643,-0.012
644,-0.024
645,-0.037
646,-0.046
647,-0.056
648,-0.066
649,-0.076
650,-0.083
651,-0.090
652,-0.100
653,-0.108
654,-0.115
655,-0.125
656,-0.132
657,-0.142
658,-0.149
659,-0.156
660,-0.164
661,-0.171
662,-0.178
663,-0.186
664,-0.193
665,-0.200
666,-0.205
667,-0.213
668,-0.218
669,-0.220
670,-0.222
671,-0.225
672,-0.227
673,-0.227
674,-0.227
675,-0.227
676,-0.225
677,-0.222
678,-0.220
679,-0.215
680,-0.213
681,-0.208
682,-0.203
683,-0.198
684,-0.191
685,-0.183
686,-0.178
687,-0.171
688,-0.161
689,-0.154
690,-0.144
691,-0.130
692,-0.117
693,-0.100
694,-0.083
695,-0.061
696,-0.037
697,-0.012
698,0.015
699,0.039
700,0.064
701,0.088
702,0.115
703,0.142
704,0.169
705,0.196
706,0.225
707,0.249
708,0.274
709,0.296
710,0.318
711,0.337
712,0.357
713,0.372
714,0.386
715,0.396
716,0.403
717,0.406
718,0.408
719,0.403
720,0.401
721,0.394
722,0.386
723,0.372
724,0.357
725,0.335
726,0.313
727,0.291
728,0.269
729,0.244
730,0.222
731,0.198
732,0.174
733,0.147
734,0.120
735,0.093
736,0.068
737,0.044
738,0.022
739,0.002
740,-0.017
741,-0.034
742,-0.049
743,-0.064
744,-0.078
745,-0.090
746,-0.103
747,-0.112
748,-0.122
749,-0.130
750,-0.137
751,-0.144
752,-0.149
753,-0.154
754,-0.161
755,-0.166
756,-0.169
757,-0.174
758,-0.178
759,-0.181
760,-0.186
761,-0.188
762,-0.191
763,-0.196
764,-0.200
765,-0.205
766,-0.210
767,-0.215
768,-0.218
769,-0.222
770,-0.225
771,-0.227
772,-0.230
773,-0.232
774,-0.235
775,-0.235
776,-0.235
777,-0.232
778,-0.232
779,-0.230
780,-0.225
781,-0.220
782,-0.215
783,-0.208
784,-0.200
785,-0.191
786,-0.178
787,-0.169
788,-0.156
789,-0.144
790,-0.132
791,-0.115
792,-0.095
793,-0.073
794,-0.049
795,-0.017
796,0.012
797,0.049
798,0.088
799,0.122
800,0.159
801,0.193
802,0.230
803,0.269
804,0.308
805,0.352
806,0.394
807,0.433
808,0.469
809,0.504
810,0.538
811,0.567
812,0.597
813,0.621
814,0.645
815,0.663
816,0.680
817,0.689
818,0.699
819,0.702
820,0.704
821,0.702
822,0.699
823,0.689
824,0.677
825,0.660
826,0.641
827,0.621
828,0.599
829,0.577
830,0.555
831,0.528
832,0.501
833,0.469
834,0.438
835,0.406
836,0.377
837,0.345
838,0.315
839,0.289
840,0.262
841,0.240
842,0.215
843,0.196
844,0.176
845,0.156
846,0.139
847,0.125
848,0.108
849,0.095
850,0.083
851,0.071
852,0.059
853,0.046
854,0.037
855,0.027
856,0.017
857,0.007
858,-0.002
859,-0.010
860,-0.017
861,-0.024
862,-0.032
863,-0.039
864,-0.044
865,-0.051
866,-0.059
867,-0.066
868,-0.073
869,-0.078
870,-0.086
871,-0.093
872,-0.100
873,-0.110
874,-0.117
875,-0.127
876,-0.137
877,-0.144
878,-0.154
879,-0.161
880,-0.169
881,-0.174
882,-0.178
883,-0.183
884,-0.188
885,-0.193
886,-0.198
887,-0.200
888,-0.203
889,-0.203
890,-0.205
891,-0.205
892,-0.208
893,-0.208
894,-0.210
895,-0.210
896,-0.213
897,-0.213
898,-0.215
899,-0.215
900,-0.215
901,-0.218
902,-0.218
903,-0.218
904,-0.215
905,-0.215
906,-0.215
907,-0.215
908,-0.213
909,-0.213
910,-0.213
911,-0.213
912,-0.210
913,-0.210
914,-0.210
915,-0.208
916,-0.208
917,-0.205
918,-0.205
919,-0.203
920,-0.200
921,-0.198
922,-0.196
923,-0.191
924,-0.186
925,-0.181
926,-0.174
927,-0.169
928,-0.161
929,-0.156
930,-0.149
931,-0.142
932,-0.132
933,-0.122
934,-0.110
935,-0.098
936,-0.083
937,-0.068
938,-0.054
939,-0.039
940,-0.024
941,-0.010
942,0.005
943,0.022
944,0.042
945,0.061
946,0.083
947,0.103
948,0.122
949,0.142
950,0.161
951,0.186
952,0.208
953,0.232
954,0.257
955,0.281
956,0.303
957,0.325
958,0.347
959,0.367
960,0.384
961,0.399
962,0.413
963,0.421
964,0.430
965,0.435
966,0.438
967,0.440
968,0.440
969,0.438
970,0.433
971,0.425
972,0.416
973,0.401
974,0.389
975,0.369
976,0.350
977,0.328
978,0.306
979,0.284
980,0.264
981,0.242
982,0.222
983,0.200
984,0.181
985,0.159
986,0.137
987,0.117
988,0.100
989,0.083
990,0.068
991,0.054
992,0.042
993,0.029
994,0.017
995,0.007
996,-0.002
997,-0.010
998,-0.017
999,-0.024
1000,-0.032
1001,-0.037
1002,-0.042
1003,-0.049
1004,-0.054
1005,-0.061
1006,-0.068
1007,-0.073
1008,-0.081
1009,-0.086
1010,-0.093
1011,-0.098
1012,-0.105
1013,-0.112
1014,-0.120
1015,-0.127
1016,-0.134
1017,-0.142
1018,-0.149
1019,-0.156
1020,-0.161
1021,-0.169
1022,-0.174
1023,-0.181
1024,-0.186
1025,-0.193
1026,-0.198
1027,-0.205
1028,-0.210
1029,-0.213
1030,-0.218
1031,-0.222
1032,-0.225
1033,-0.230
1034,-0.232
1035,-0.235
1036,-0.237
1037,-0.240
1038,-0.240
1039,-0.240
1040,-0.242
1041,-0.242
1042,-0.242
1043,-0.240
1044,-0.240
1045,-0.237
1046,-0.235
1047,-0.232
1048,-0.227
1049,-0.225
1050,-0.220
1051,-0.215
1052,-0.210
1053,-0.200
1054,-0.193
1055,-0.183
1056,-0.171
1057,-0.159
1058,-0.147
1059,-0.132
1060,-0.117
1061,-0.103
1062,-0.088
1063,-0.068
1064,-0.046
1065,-0.022
1066,0.002
1067,0.029
1068,0.054
1069,0.078
1070,0.105
1071,0.137
1072,0.169
1073,0.208
1074,0.244
1075,0.289
1076,0.330
1077,0.377
1078,0.421
1079,0.462
1080,0.504
1081,0.543
1082,0.584
1083,0.623
1084,0.663
1085,0.702
1086,0.741
1087,0.775
1088,0.812
1089,0.841
1090,0.870
1091,0.897
1092,0.922
1093,0.944
1094,0.966
1095,0.980
1096,0.995
1097,1.000
1098,1.007
1099,1.010
1100,1.010
1101,1.005
1102,1.000
1103,0.985
1104,0.971
1105,0.946
1106,0.924
1107,0.900
1108,0.875
1109,0.848
1110,0.822
1111,0.790
1112,0.758
1113,0.721
1114,0.687
1115,0.650
1116,0.616
1117,0.579
1118,0.545
1119,0.516
1120,0.487
1121,0.462
1122,0.438
1123,0.413
1124,0.391
1125,0.369
1126,0.350
1127,0.330
1128,0.313
1129,0.298
1130,0.284
1131,0.269
1132,0.252
1133,0.237
1134,0.222
1135,0.208
1136,0.196
1137,0.181
1138,0.169
1139,0.156
1140,0.144
1141,0.134
1142,0.122
1143,0.112
1144,0.100
1145,0.090
1146,0.078
1147,0.068
1148,0.059
1149,0.049
1150,0.039
1151,0.029
1152,0.020
1153,0.010
1154,0.000
1155,-0.007
1156,-0.017
1157,-0.027
1158,-0.034
1159,-0.042
1160,-0.049
1161,-0.056
1162,-0.064
1163,-0.068
1164,-0.076
1165,-0.081
1166,-0.086
1167,-0.090
1168,-0.095
1169,-0.100
1170,-0.105
1171,-0.110
1172,-0.117
1173,-0.122
1174,-0.130
1175,-0.137
1176,-0.144
1177,-0.152
1178,-0.156
1179,-0.164
1180,-0.169
1181,-0.174
1182,-0.178
1183,-0.183
1184,-0.188
1185,-0.193
1186,-0.198
1187,-0.200
1188,-0.203
1189,-0.205
1190,-0.205
1191,-0.205
1192,-0.205
1193,-0.205
1194,-0.205
1195,-0.203
1196,-0.198
1197,-0.193
1198,-0.186
1199,-0.181
1200,-0.174
1201,-0.166
1202,-0.156
1203,-0.144
1204,-0.130
1205,-0.112
1206,-0.093
1207,-0.076
1208,-0.056
1209,-0.034
1210,-0.015
1211,0.015
1212,0.042
1213,0.076
1214,0.110
1215,0.152
1216,0.191
1217,0.237
1218,0.281
1219,0.325
1220,0.367
1221,0.408
1222,0.447
1223,0.489
1224,0.531
1225,0.572
1226,0.614
1227,0.648
1228,0.682
1229,0.711
1230,0.738
1231,0.760
1232,0.782
1233,0.795
1234,0.809
1235,0.812
1236,0.814
1237,0.807
1238,0.802
1239,0.790
1240,0.778
1241,0.760
1242,0.746
1243,0.721
1244,0.697
1245,0.667
1246,0.636
1247,0.606
1248,0.577
1249,0.550
1250,0.521
1251,0.489
1252,0.460
1253,0.425
1254,0.394
1255,0.362
1256,0.330
1257,0.301
1258,0.271
1259,0.244
1260,0.220
1261,0.200
1262,0.178
1263,0.161
1264,0.142
1265,0.125
1266,0.110
1267,0.095
1268,0.083
1269,0.073
1270,0.061
1271,0.051
1272,0.042
1273,0.034
1274,0.024
1275,0.017
1276,0.007
1277,-0.002
1278,-0.010
1279,-0.020
1280,-0.027
1281,-0.037
1282,-0.044
1283,-0.054
1284,-0.064
1285,-0.071
1286,-0.081
1287,-0.088
1288,-0.098
1289,-0.105
1290,-0.112
1291,-0.120
1292,-0.130
1293,-0.137
1294,-0.144
1295,-0.154
1296,-0.161
1297,-0.171
1298,-0.178
1299,-0.186
1300,-0.193
1301,-0.200
1302,-0.208
1303,-0.213
1304,-0.220
1305,-0.225
1306,-0.232
1307,-0.235
1308,-0.240
1309,-0.240
1310,-0.242
1311,-0.242
1312,-0.242
1313,-0.240
1314,-0.237
1315,-0.235
1316,-0.230
1317,-0.225
1318,-0.218
1319,-0.213
1320,-0.205
1321,-0.198
1322,-0.191
1323,-0.181
1324,-0.169
1325,-0.154
1326,-0.142
1327,-0.125
1328,-0.110
1329,-0.093
1330,-0.076
1331,-0.051
1332,-0.027
1333,0.005
1334,0.037
1335,0.076
1336,0.112
1337,0.156
1338,0.200
1339,0.242
1340,0.284
1341,0.323
1342,0.364
1343,0.408
1344,0.452
1345,0.499
1346,0.545
1347,0.587
1348,0.628
1349,0.663
1350,0.699
1351,0.731
1352,0.763
1353,0.790
1354,0.817
1355,0.831
1356,0.846
1357,0.853
1358,0.858
1359,0.858
1360,0.856
1361,0.848
1362,0.839
1363,0.819
1364,0.800
1365,0.773
1366,0.746
1367,0.716
1368,0.687
1369,0.658
1370,0.628
1371,0.594
1372,0.562
1373,0.526
1374,0.489
1375,0.455
1376,0.418
1377,0.386
1378,0.352
1379,0.323
1380,0.293
1381,0.269
1382,0.244
1383,0.222
1384,0.200
1385,0.181
1386,0.159
1387,0.144
1388,0.127
1389,0.115
1390,0.100
1391,0.088
1392,0.078
1393,0.068
1394,0.059
1395,0.049
1396,0.039
1397,0.027
1398,0.017
1399,0.010
1400,0.000
1401,-0.007
1402,-0.017
1403,-0.027
1404,-0.034
1405,-0.046
1406,-0.056
1407,-0.066
1408,-0.076
1409,-0.083
1410,-0.093
1411,-0.103
1412,-0.110
1413,-0.120
1414,-0.130
1415,-0.139
1416,-0.147
1417,-0.154
1418,-0.161
1419,-0.166
1420,-0.171
1421,-0.174
1422,-0.178
1423,-0.178
1424,-0.178
1425,-0.178
1426,-0.176
1427,-0.174
1428,-0.169
1429,-0.164
1430,-0.159
1431,-0.147
1432,-0.134
1433,-0.120
1434,-0.103
1435,-0.078
1436,-0.054
1437,-0.022
1438,0.007
1439,0.037
1440,0.068
1441,0.100
1442,0.134
1443,0.174
1444,0.213
1445,0.259
1446,0.303
1447,0.350
1448,0.394
1449,0.438
1450,0.482
1451,0.533
1452,0.582
1453,0.638
1454,0.694
1455,0.753
1456,0.809
1457,0.868
1458,0.924
1459,0.976
1460,1.024
1461,1.068
1462,1.112
1463,1.149
1464,1.188
1465,1.222
1466,1.257
1467,1.284
1468,1.311
1469,1.330
1470,1.352
1471,1.364
1472,1.379
1473,1.386
1474,1.394
1475,1.394
1476,1.391
1477,1.386
1478,1.379
1479,1.369
1480,1.359
1481,1.345
1482,1.333
1483,1.311
1484,1.289
1485,1.262
1486,1.232
1487,1.203
1488,1.174
1489,1.144
1490,1.115
1491,1.081
1492,1.046
1493,1.007
1494,0.971
1495,0.932
1496,0.892
1497,0.856
1498,0.817
1499,0.782
1500,0.748
1501,0.719
1502,0.687
1503,0.658
1504,0.628
1505,0.599
1506,0.570
1507,0.543
1508,0.516
1509,0.491
1510,0.467
1511,0.443
1512,0.418
1513,0.394
1514,0.369
1515,0.345
1516,0.320
1517,0.298
1518,0.274
1519,0.252
1520,0.232
1521,0.215
1522,0.198
1523,0.181
1524,0.164
1525,0.147
1526,0.132
1527,0.117
1528,0.103
1529,0.090
1530,0.076
1531,0.064
1532,0.051
1533,0.039
1534,0.029
1535,0.017
1536,0.007
1537,-0.002
1538,-0.012
1539,-0.022
1540,-0.029
1541,-0.037
1542,-0.044
1543,-0.046
1544,-0.051
1545,-0.054
1546,-0.056
1547,-0.056
1548,-0.056
1549,-0.054
1550,-0.051
1551,-0.046
1552,-0.042
1553,-0.034
1554,-0.024
1555,-0.010
1556,0.002
1557,0.022
1558,0.042
1559,0.061
1560,0.081
1561,0.103
1562,0.125
1563,0.154
1564,0.181
1565,0.215
1566,0.249
1567,0.281
1568,0.313
1569,0.345
1570,0.377
1571,0.411
1572,0.445
1573,0.482
1574,0.518
1575,0.555
1576,0.589
1577,0.621
1578,0.653
1579,0.677
1580,0.702
1581,0.721
1582,0.738
1583,0.748
1584,0.758
1585,0.763
1586,0.765
1587,0.763
1588,0.758
1589,0.751
1590,0.741
1591,0.724
1592,0.704
1593,0.677
1594,0.650
1595,0.616
1596,0.584
1597,0.545
1598,0.509
1599,0.474
1600,0.440
1601,0.408
1602,0.377
1603,0.345
1604,0.313
1605,0.281
1606,0.249
1607,0.222
1608,0.196
1609,0.171
1610,0.147
1611,0.125
1612,0.103
1613,0.081
1614,0.061
1615,0.042
1616,0.022
1617,0.005
1618,-0.012
1619,-0.027
1620,-0.042
1621,-0.056
1622,-0.068
1623,-0.078
1624,-0.088
1625,-0.098
1626,-0.108
1627,-0.117
1628,-0.125
1629,-0.134
1630,-0.142
1631,-0.149
1632,-0.159
1633,-0.169
1634,-0.176
1635,-0.186
1636,-0.196
1637,-0.208
1638,-0.218
1639,-0.225
1640,-0.232
1641,-0.240
1642,-0.244
1643,-0.249
1644,-0.254
1645,-0.259
1646,-0.264
1647,-0.267
1648,-0.269
1649,-0.269
1650,-0.269
1651,-0.269
1652,-0.269
1653,-0.267
1654,-0.264
1655,-0.257
1656,-0.252
1657,-0.244
1658,-0.237
1659,-0.230
1660,-0.222
1661,-0.213
1662,-0.203
1663,-0.191
1664,-0.176
1665,-0.161
1666,-0.144
1667,-0.127
1668,-0.110
1669,-0.090
1670,-0.071
1671,-0.046
1672,-0.020
1673,0.012
1674,0.044
1675,0.081
1676,0.117
1677,0.159
1678,0.198
1679,0.235
1680,0.274
1681,0.308
1682,0.342
1683,0.377
1684,0.413
1685,0.447
1686,0.482
1687,0.511
1688,0.540
1689,0.565
1690,0.589
1691,0.606
1692,0.623
1693,0.636
1694,0.645
1695,0.645
1696,0.645
1697,0.636
1698,0.628
1699,0.614
1700,0.601
1701,0.584
1702,0.567
1703,0.543
1704,0.521
1705,0.491
1706,0.462
1707,0.435
1708,0.408
1709,0.379
1710,0.352
1711,0.323
1712,0.293
1713,0.262
1714,0.232
1715,0.200
1716,0.171
1717,0.142
1718,0.115
1719,0.090
1720,0.066
1721,0.046
1722,0.027
1723,0.007
1724,-0.010
1725,-0.027
1726,-0.042
1727,-0.056
1728,-0.071
1729,-0.081
1730,-0.093
1731,-0.103
1732,-0.112
1733,-0.122
1734,-0.132
1735,-0.139
1736,-0.149
1737,-0.156
1738,-0.166
1739,-0.174
1740,-0.181
1741,-0.186
1742,-0.191
1743,-0.198
1744,-0.203
1745,-0.208
1746,-0.210
1747,-0.215
1748,-0.218
1749,-0.218
1750,-0.220
1751,-0.218
1752,-0.215
1753,-0.210
1754,-0.205
1755,-0.198
1756,-0.191
1757,-0.178
1758,-0.169
1759,-0.156
1760,-0.142
1761,-0.127
1762,-0.112
1763,-0.093
1764,-0.071
1765,-0.044
1766,-0.017
1767,0.012
1768,0.039
1769,0.071
1770,0.100
1771,0.139
1772,0.178
1773,0.227
1774,0.274
1775,0.328
1776,0.379
1777,0.435
1778,0.491
1779,0.540
1780,0.589
1781,0.633
1782,0.677
1783,0.716
1784,0.758
1785,0.792
1786,0.826
1787,0.853
1788,0.880
1789,0.900
1790,0.917
1791,0.924
1792,0.932
1793,0.929
1794,0.927
1795,0.912
1796,0.897
1797,0.875
1798,0.853
1799,0.829
1800,0.804
1801,0.778
1802,0.751
1803,0.716
1804,0.685
1805,0.648
1806,0.611
1807,0.575
1808,0.540
1809,0.509
1810,0.474
1811,0.443
1812,0.411
1813,0.381
1814,0.350
1815,0.320
1816,0.293
1817,0.267
1818,0.242
1819,0.220
1820,0.198
1821,0.178
1822,0.161
1823,0.144
1824,0.127
1825,0.110
1826,0.095
1827,0.081
1828,0.066
1829,0.054
1830,0.042
1831,0.029
1832,0.017
1833,0.005
1834,-0.007
1835,-0.017
1836,-0.029
1837,-0.042
1838,-0.054
1839,-0.064
1840,-0.073
1841,-0.083
1842,-0.093
1843,-0.105
1844,-0.115
1845,-0.125
1846,-0.134
1847,-0.144
1848,-0.152
1849,-0.159
1850,-0.166
1851,-0.174
1852,-0.181
1853,-0.188
1854,-0.196
1855,-0.203
1856,-0.210
1857,-0.215
1858,-0.220
1859,-0.225
1860,-0.227
1861,-0.230
1862,-0.232
1863,-0.235
1864,-0.235
1865,-0.235
1866,-0.235
1867,-0.232
1868,-0.230
1869,-0.227
1870,-0.222
1871,-0.218
1872,-0.210
1873,-0.200
1874,-0.191
1875,-0.176
1876,-0.161
1877,-0.142
1878,-0.122
1879,-0.100
1880,-0.078
1881,-0.054
1882,-0.029
1883,0.002
1884,0.037
1885,0.078
1886,0.117
1887,0.159
1888,0.200
1889,0.240
1890,0.281
1891,0.330
1892,0.381
1893,0.438
1894,0.494
1895,0.555
1896,0.616
1897,0.677
1898,0.738
1899,0.790
1900,0.844
1901,0.890
1902,0.936
1903,0.978
1904,1.017
1905,1.054
1906,1.090
1907,1.120
1908,1.147
1909,1.169
1910,1.191
1911,1.203
1912,1.218
1913,1.225
1914,1.232
1915,1.230
1916,1.230
1917,1.225
1918,1.220
1919,1.210
1920,1.200
1921,1.188
1922,1.176
1923,1.156
1924,1.139
1925,1.115
1926,1.090
1927,1.066
1928,1.042
1929,1.017
1930,0.993
1931,0.963
1932,0.934
1933,0.900
1934,0.866
1935,0.831
1936,0.797
1937,0.763
1938,0.729
1939,0.699
1940,0.667
1941,0.638
1942,0.611
1943,0.582
1944,0.555
1945,0.526
1946,0.499
1947,0.474
1948,0.450
1949,0.428
1950,0.403
1951,0.381
1952,0.357
1953,0.333
1954,0.308
1955,0.284
1956,0.262
1957,0.240
1958,0.215
1959,0.196
1960,0.176
1961,0.159
1962,0.144
1963,0.127
1964,0.110
1965,0.095
1966,0.078
1967,0.066
1968,0.051
1969,0.042
1970,0.029
1971,0.020
1972,0.010
1973,0.000
1974,-0.007
1975,-0.015
1976,-0.020
1977,-0.022
1978,-0.024
1979,-0.024
1980,-0.024
1981,-0.022
1982,-0.020
1983,-0.012
1984,-0.005
1985,0.005
1986,0.015
1987,0.027
1988,0.039
1989,0.051
1990,0.066
1991,0.083
1992,0.103
1993,0.125
1994,0.147
1995,0.176
1996,0.205
1997,0.240
1998,0.271
1999,0.306
2000,0.337
2001,0.372
2002,0.403
2003,0.443
2004,0.479
2005,0.521
2006,0.562
2007,0.601
2008,0.638
2009,0.672
2010,0.707
2011,0.738
2012,0.768
2013,0.792
2014,0.819
2015,0.834
2016,0.848
2017,0.853
2018,0.861
2019,0.858
2020,0.858
2021,0.848
2022,0.841
2023,0.824
2024,0.807
2025,0.780
2026,0.756
2027,0.726
2028,0.699
2029,0.670
2030,0.641
2031,0.604
2032,0.570
2033,0.531
2034,0.491
2035,0.452
2036,0.413
2037,0.374
2038,0.335
2039,0.301
2040,0.267
2041,0.237
2042,0.208
2043,0.181
2044,0.156
2045,0.132
2046,0.108
2047,0.088
2048,0.068
2049,0.051
2050,0.034
2051,0.020
2052,0.002
2053,-0.012
2054,-0.027
2055,-0.039
2056,-0.054
2057,-0.068
2058,-0.081
2059,-0.093
2060,-0.105
2061,-0.117
2062,-0.127
2063,-0.139
2064,-0.149
2065,-0.159
2066,-0.169
2067,-0.176
2068,-0.183
2069,-0.191
2070,-0.198
2071,-0.205
2072,-0.213
2073,-0.220
2074,-0.227
2075,-0.235
2076,-0.242
2077,-0.247
2078,-0.254
2079,-0.259
2080,-0.264
2081,-0.267
2082,-0.269
2083,-0.269
2084,-0.271
2085,-0.269
2086,-0.267
2087,-0.264
2088,-0.262
2089,-0.257
2090,-0.252
2091,-0.244
2092,-0.237
2093,-0.227
2094,-0.215
2095,-0.203
2096,-0.188
2097,-0.169
2098,-0.152
2099,-0.134
2100,-0.115
2101,-0.095
2102,-0.076
2103,-0.049
2104,-0.022
2105,0.010
2106,0.042
2107,0.076
2108,0.108
2109,0.142
2110,0.176
2111,0.213
2112,0.252
2113,0.291
2114,0.333
2115,0.374
2116,0.416
2117,0.452
2118,0.491
2119,0.523
2120,0.555
2121,0.577
2122,0.601
2123,0.619
2124,0.633
2125,0.643
2126,0.653
2127,0.658
2128,0.660
2129,0.660
2130,0.660
2131,0.650
2132,0.641
2133,0.623
2134,0.606
2135,0.582
2136,0.557
2137,0.528
2138,0.499
2139,0.469
2140,0.440
2141,0.413
2142,0.386
2143,0.357
2144,0.328
2145,0.296
2146,0.267
2147,0.240
2148,0.213
2149,0.188
2150,0.164
2151,0.139
2152,0.117
2153,0.095
2154,0.076
2155,0.054
2156,0.034
2157,0.017
2158,-0.002
2159,-0.020
2160,-0.034
2161,-0.049
2162,-0.064
2163,-0.076
2164,-0.090
2165,-0.103
2166,-0.112
2167,-0.125
2168,-0.134
2169,-0.142
2170,-0.149
2171,-0.159
2172,-0.166
2173,-0.174
2174,-0.181
2175,-0.186
2176,-0.193
2177,-0.198
2178,-0.205
2179,-0.210
2180,-0.213
2181,-0.218
2182,-0.220
2183,-0.222
2184,-0.225
2185,-0.227
2186,-0.227
2187,-0.227
2188,-0.227
2189,-0.225
2190,-0.225
2191,-0.218
2192,-0.213
2193,-0.203
2194,-0.193
2195,-0.178
2196,-0.164
2197,-0.147
2198,-0.130
2199,-0.110
2200,-0.093
2201,-0.073
2202,-0.054
2203,-0.027
2204,0.000
2205,0.032
2206,0.064
2207,0.093
2208,0.125
2209,0.156
2210,0.191
2211,0.230
2212,0.269
2213,0.313
2214,0.357
2215,0.406
2216,0.455
2217,0.504
2218,0.553
2219,0.594
2220,0.638
2221,0.672
2222,0.709
2223,0.736
2224,0.765
2225,0.787
2226,0.809
2227,0.824
2228,0.836
2229,0.844
2230,0.848
2231,0.844
2232,0.839
2233,0.824
2234,0.812
2235,0.787
2236,0.763
2237,0.731
2238,0.702
2239,0.670
2240,0.641
2241,0.609
2242,0.577
2243,0.543
2244,0.509
2245,0.469
2246,0.433
2247,0.399
2248,0.364
2249,0.335
2250,0.303
2251,0.274
2252,0.244
2253,0.215
2254,0.186
2255,0.161
2256,0.137
2257,0.112
2258,0.090
2259,0.073
2260,0.054
2261,0.039
2262,0.024
2263,0.010
2264,-0.005
2265,-0.020
2266,-0.032
2267,-0.046
2268,-0.059
2269,-0.068
2270,-0.081
2271,-0.093
2272,-0.105
2273,-0.115
2274,-0.127
2275,-0.139
2276,-0.149
2277,-0.159
2278,-0.169
2279,-0.178
2280,-0.186
2281,-0.193
2282,-0.200
2283,-0.210
2284,-0.218
2285,-0.225
2286,-0.232
2287,-0.240
2288,-0.244
2289,-0.249
2290,-0.254
2291,-0.257
2292,-0.262
2293,-0.264
2294,-0.267
2295,-0.269
2296,-0.269
2297,-0.267
2298,-0.264
2299,-0.262
2300,-0.259
2301,-0.254
2302,-0.249
2303,-0.240
2304,-0.230
2305,-0.220
2306,-0.208
2307,-0.196
2308,-0.183
2309,-0.169
2310,-0.156
2311,-0.137
2312,-0.117
2313,-0.090
2314,-0.064
2315,-0.029
2316,0.005
2317,0.046
2318,0.086
2319,0.125
2320,0.166
2321,0.205
2322,0.247
2323,0.291
2324,0.337
2325,0.386
2326,0.435
2327,0.479
2328,0.526
2329,0.567
2330,0.609
2331,0.648
2332,0.689
2333,0.729
2334,0.768
2335,0.802
2336,0.839
2337,0.868
2338,0.900
2339,0.924
2340,0.951
2341,0.971
2342,0.990
2343,1.007
2344,1.022
2345,1.032
2346,1.044
2347,1.049
2348,1.054
2349,1.054
2350,1.056
2351,1.049
2352,1.042
2353,1.027
2354,1.015
2355,0.993
2356,0.971
2357,0.944
2358,0.919
2359,0.892
2360,0.866
2361,0.836
2362,0.809
2363,0.778
2364,0.746
2365,0.711
2366,0.677
2367,0.645
2368,0.614
2369,0.582
2370,0.553
2371,0.521
2372,0.489
2373,0.457
2374,0.425
2375,0.394
2376,0.364
2377,0.335
2378,0.306
2379,0.279
2380,0.252
2381,0.230
2382,0.208
2383,0.186
2384,0.166
2385,0.147
2386,0.127
2387,0.110
2388,0.093
2389,0.078
2390,0.064
2391,0.046
2392,0.032
2393,0.017
2394,0.000
2395,-0.015
2396,-0.029
2397,-0.044
2398,-0.059
2399,-0.068
2400,-0.081
2401,-0.090
2402,-0.100
2403,-0.110
2404,-0.120
2405,-0.130
2406,-0.137
2407,-0.144
2408,-0.152
2409,-0.156
2410,-0.161
2411,-0.166
2412,-0.171
2413,-0.174
2414,-0.178
2415,-0.181
2416,-0.183
2417,-0.183
2418,-0.183
2419,-0.183
2420,-0.181
2421,-0.181
2422,-0.178
2423,-0.174
2424,-0.169
2425,-0.161
2426,-0.154
2427,-0.147
2428,-0.137
2429,-0.127
2430,-0.120
2431,-0.105
2432,-0.093
2433,-0.076
2434,-0.056
2435,-0.034
2436,-0.012
2437,0.012
2438,0.039
2439,0.066
2440,0.090
2441,0.117
2442,0.144
2443,0.176
2444,0.210
2445,0.247
2446,0.286
2447,0.323
2448,0.359
2449,0.394
2450,0.430
2451,0.465
2452,0.501
2453,0.538
2454,0.577
2455,0.606
2456,0.638
2457,0.663
2458,0.689
2459,0.707
2460,0.724
2461,0.736
2462,0.748
2463,0.748
2464,0.751
2465,0.743
2466,0.738
2467,0.726
2468,0.716
2469,0.702
2470,0.687
2471,0.665
2472,0.643
2473,0.614
2474,0.587
2475,0.553
2476,0.518
2477,0.482
2478,0.445
2479,0.411
2480,0.379
2481,0.347
2482,0.315
2483,0.286
2484,0.254
2485,0.225
2486,0.196
2487,0.171
2488,0.147
2489,0.125
2490,0.103
2491,0.083
2492,0.066
2493,0.046
2494,0.029
2495,0.015
2496,0.000
2497,-0.015
2498,-0.027
2499,-0.039
2500,-0.051
2501,-0.061
2502,-0.073
2503,-0.083
2504,-0.093
2505,-0.100
2506,-0.110
2507,-0.117
2508,-0.125
2509,-0.132
2510,-0.139
2511,-0.144
2512,-0.152
2513,-0.159
2514,-0.166
2515,-0.174
2516,-0.178
2517,-0.186
2518,-0.193
2519,-0.200
2520,-0.205
2521,-0.210
2522,-0.215
2523,-0.220
2524,-0.225
2525,-0.227
2526,-0.232
2527,-0.232
2528,-0.235
2529,-0.232
2530,-0.232
2531,-0.227
2532,-0.225
2533,-0.218
2534,-0.208
2535,-0.198
2536,-0.186
2537,-0.171
2538,-0.154
2539,-0.139
2540,-0.122
2541,-0.105
2542,-0.086
2543,-0.061
2544,-0.037
2545,-0.007
2546,0.022
2547,0.054
2548,0.083
2549,0.115
2550,0.147
2551,0.186
2552,0.225
2553,0.271
2554,0.315
2555,0.364
2556,0.411
2557,0.460
2558,0.509
2559,0.550
2560,0.592
2561,0.626
2562,0.660
2563,0.689
2564,0.716
2565,0.738
2566,0.760
2567,0.773
2568,0.787
2569,0.795
2570,0.802
2571,0.797
2572,0.795
2573,0.780
2574,0.765
2575,0.743
2576,0.721
2577,0.692
2578,0.663
2579,0.631
2580,0.601
2581,0.572
2582,0.543
2583,0.509
2584,0.474
2585,0.440
2586,0.406
2587,0.372
2588,0.340
2589,0.313
2590,0.284
2591,0.257
2592,0.230
2593,0.203
2594,0.178
2595,0.154
2596,0.132
2597,0.112
2598,0.093
2599,0.076
2600,0.061
2601,0.046
2602,0.034
2603,0.020
2604,0.007
2605,-0.007
2606,-0.020
2607,-0.032
2608,-0.042
2609,-0.051
2610,-0.061
2611,-0.073
2612,-0.083
2613,-0.093
2614,-0.105
2615,-0.115
2616,-0.125
2617,-0.134
2618,-0.144
2619,-0.154
2620,-0.164
2621,-0.171
2622,-0.178
2623,-0.186
2624,-0.193
2625,-0.200
2626,-0.208
2627,-0.215
2628,-0.220
2629,-0.225
2630,-0.232
2631,-0.237
2632,-0.242
2633,-0.247
2634,-0.252
2635,-0.254
2636,-0.257
2637,-0.259
2638,-0.262
2639,-0.262
2640,-0.262
2641,-0.259
2642,-0.257
2643,-0.252
2644,-0.247
2645,-0.240
2646,-0.230
2647,-0.222
2648,-0.213
2649,-0.203
2650,-0.193
2651,-0.178
2652,-0.164
2653,-0.144
2654,-0.125
2655,-0.098
2656,-0.071
2657,-0.037
2658,-0.002
2659,0.032
2660,0.064
2661,0.098
2662,0.132
2663,0.174
2664,0.213
2665,0.259
2666,0.303
2667,0.345
2668,0.389
2669,0.425
2670,0.465
2671,0.504
2672,0.540
2673,0.577
2674,0.614
2675,0.645
2676,0.675
2677,0.699
2678,0.724
2679,0.741
2680,0.756
2681,0.765
2682,0.773
2683,0.770
2684,0.770
2685,0.758
2686,0.746
2687,0.731
2688,0.716
2689,0.697
2690,0.680
2691,0.653
2692,0.626
2693,0.592
2694,0.557
2695,0.518
2696,0.482
2697,0.445
2698,0.406
2699,0.372
2700,0.337
2701,0.308
2702,0.276
2703,0.247
2704,0.220
2705,0.193
2706,0.166
2707,0.142
2708,0.120
2709,0.098
2710,0.078
2711,0.059
2712,0.039
2713,0.020
2714,0.002
2715,-0.015
2716,-0.032
2717,-0.046
2718,-0.061
2719,-0.073
2720,-0.086
2721,-0.098
2722,-0.108
2723,-0.117
2724,-0.127
2725,-0.134
2726,-0.144
2727,-0.152
2728,-0.159
2729,-0.166
2730,-0.174
2731,-0.183
2732,-0.191
2733,-0.198
2734,-0.205
2735,-0.213
2736,-0.220
2737,-0.225
2738,-0.230
2739,-0.235
2740,-0.237
2741,-0.237
2742,-0.237
2743,-0.235
2744,-0.230
2745,-0.225
2746,-0.218
2747,-0.210
2748,-0.203
2749,-0.196
2750,-0.186
2751,-0.174
2752,-0.161
2753,-0.144
2754,-0.127
2755,-0.103
2756,-0.078
2757,-0.049
2758,-0.020
2759,0.012
2760,0.042
2761,0.076
2762,0.108
2763,0.149
2764,0.191
2765,0.240
2766,0.286
2767,0.333
2768,0.379
2769,0.425
2770,0.472
2771,0.521
2772,0.572
2773,0.626
2774,0.680
2775,0.731
2776,0.785
2777,0.831
2778,0.880
2779,0.922
2780,0.963
2781,0.995
2782,1.029
2783,1.054
2784,1.081
2785,1.100
2786,1.120
2787,1.134
2788,1.147
2789,1.154
2790,1.161
2791,1.159
2792,1.159
2793,1.149
2794,1.139
2795,1.122
2796,1.108
2797,1.086
2798,1.064
2799,1.039
2800,1.017
2801,0.993
2802,0.968
2803,0.941
2804,0.912
2805,0.883
2806,0.853
2807,0.824
2808,0.797
2809,0.770
2810,0.743
2811,0.714
2812,0.687
2813,0.655
2814,0.623
2815,0.592
2816,0.560
2817,0.526
2818,0.494
2819,0.465
2820,0.435
2821,0.408
2822,0.384
2823,0.357
2824,0.333
2825,0.306
2826,0.281
2827,0.257
2828,0.235
2829,0.215
2830,0.193
2831,0.171
2832,0.152
2833,0.130
2834,0.108
2835,0.088
2836,0.068
2837,0.049
2838,0.029
2839,0.012
2840,-0.005
2841,-0.020
2842,-0.034
2843,-0.046
2844,-0.059
2845,-0.068
2846,-0.078
2847,-0.086
2848,-0.093
2849,-0.098
2850,-0.103
2851,-0.105
2852,-0.108
2853,-0.108
2854,-0.108
2855,-0.105
2856,-0.103
2857,-0.098
2858,-0.093
2859,-0.088
2860,-0.081
2861,-0.073
2862,-0.066
2863,-0.056
2864,-0.044
2865,-0.029
2866,-0.017
2867,-0.002
2868,0.012
2869,0.027
2870,0.042
2871,0.059
2872,0.076
2873,0.098
2874,0.117
2875,0.139
2876,0.161
2877,0.183
2878,0.205
2879,0.225
2880,0.247
2881,0.264
2882,0.284
2883,0.301
2884,0.318
2885,0.335
2886,0.352
2887,0.367
2888,0.381
2889,0.391
2890,0.403
2891,0.411
2892,0.418
2893,0.423
2894,0.425
2895,0.423
2896,0.421
2897,0.413
2898,0.406
2899,0.394
2900,0.384
2901,0.369
2902,0.355
2903,0.335
2904,0.315
2905,0.291
2906,0.267
2907,0.244
2908,0.220
2909,0.198
2910,0.176
2911,0.152
2912,0.127
2913,0.100
2914,0.076
2915,0.049
2916,0.024
2917,0.000
2918,-0.027
2919,-0.046
2920,-0.068
2921,-0.086
2922,-0.103
2923,-0.117
2924,-0.132
2925,-0.144
2926,-0.156
2927,-0.166
2928,-0.176
2929,-0.183
2930,-0.191
2931,-0.198
2932,-0.203
2933,-0.205
2934,-0.210
2935,-0.213
2936,-0.218
2937,-0.220
2938,-0.222
2939,-0.227
2940,-0.230
2941,-0.232
2942,-0.235
2943,-0.237
2944,-0.240
2945,-0.242
2946,-0.244
2947,-0.244
2948,-0.247
2949,-0.247
2950,-0.247
2951,-0.244
2952,-0.244
2953,-0.240
2954,-0.235
2955,-0.227
2956,-0.220
2957,-0.210
2958,-0.200
2959,-0.191
2960,-0.181
2961,-0.171
2962,-0.159
2963,-0.144
2964,-0.130
2965,-0.110
2966,-0.090
2967,-0.073
2968,-0.054
2969,-0.032
2970,-0.012
2971,0.015
2972,0.044
2973,0.076
2974,0.110
2975,0.149
2976,0.191
2977,0.232
2978,0.276
2979,0.315
2980,0.355
2981,0.391
2982,0.428
2983,0.465
2984,0.499
2985,0.533
2986,0.567
2987,0.597
2988,0.626
2989,0.648
2990,0.670
2991,0.682
2992,0.694
2993,0.699
2994,0.704
2995,0.697
2996,0.689
2997,0.672
2998,0.655
2999,0.633
3000,0.611
3001,0.584
3002,0.560
3003,0.526
3004,0.494
3005,0.455
3006,0.416
3007,0.377
3008,0.340
3009,0.306
3010,0.271
3011,0.237
3012,0.205
3013,0.171
3014,0.139
3015,0.110
3016,0.081
3017,0.054
3018,0.029
3019,0.010
3020,-0.010
3021,-0.027
3022,-0.044
3023,-0.056
3024,-0.071
3025,-0.081
3026,-0.093
3027,-0.103
3028,-0.112
3029,-0.120
3030,-0.127
3031,-0.132
3032,-0.139
3033,-0.147
3034,-0.152
3035,-0.159
3036,-0.164
3037,-0.171
3038,-0.178
3039,-0.183
3040,-0.188
3041,-0.196
3042,-0.200
3043,-0.205
3044,-0.210
3045,-0.213
3046,-0.218
3047,-0.220
3048,-0.225
3049,-0.225
3050,-0.227
3051,-0.225
3052,-0.222
3053,-0.218
3054,-0.213
3055,-0.203
3056,-0.193
3057,-0.181
3058,-0.166
3059,-0.152
3060,-0.137
3061,-0.120
3062,-0.103
3063,-0.078
3064,-0.054
3065,-0.024
3066,0.005
3067,0.037
3068,0.066
3069,0.098
3070,0.130
3071,0.166
3072,0.205
3073,0.249
3074,0.296
3075,0.342
3076,0.391
3077,0.443
3078,0.491
3079,0.535
3080,0.582
3081,0.619
3082,0.658
3083,0.689
3084,0.721
3085,0.746
3086,0.770
3087,0.787
3088,0.804
3089,0.814
3090,0.822
3091,0.819
3092,0.814
3093,0.800
3094,0.785
3095,0.760
3096,0.736
3097,0.702
3098,0.670
3099,0.638
3100,0.604
3101,0.570
3102,0.538
3103,0.501
3104,0.462
3105,0.423
3106,0.384
3107,0.347
3108,0.311
3109,0.276
3110,0.244
3111,0.213
3112,0.183
3113,0.154
3114,0.125
3115,0.100
3116,0.076
3117,0.054
3118,0.032
3119,0.017
3120,0.000
3121,-0.012
3122,-0.027
3123,-0.037
3124,-0.046
3125,-0.056
3126,-0.066
3127,-0.076
3128,-0.083
3129,-0.090
3130,-0.098
3131,-0.105
3132,-0.112
3133,-0.120
3134,-0.127
3135,-0.134
3136,-0.142
3137,-0.149
3138,-0.154
3139,-0.159
3140,-0.166
3141,-0.171
3142,-0.174
3143,-0.176
3144,-0.178
3145,-0.178
3146,-0.178
3147,-0.178
3148,-0.176
3149,-0.176
3150,-0.174
3151,-0.169
3152,-0.164
3153,-0.156
3154,-0.147
3155,-0.134
3156,-0.122
3157,-0.105
3158,-0.088
3159,-0.071
3160,-0.054
3161,-0.034
3162,-0.017
3163,0.007
3164,0.032
3165,0.061
3166,0.090
3167,0.120
3168,0.147
3169,0.176
3170,0.203
3171,0.235
3172,0.264
3173,0.298
3174,0.333
3175,0.367
3176,0.401
3177,0.435
3178,0.469
3179,0.499
3180,0.528
3181,0.550
3182,0.575
3183,0.592
3184,0.609
3185,0.623
3186,0.636
3187,0.643
3188,0.650
3189,0.653
3190,0.655
3191,0.648
3192,0.641
3193,0.623
3194,0.609
3195,0.584
3196,0.562
3197,0.535
3198,0.506
3199,0.479
3200,0.450
3201,0.423
3202,0.396
3203,0.369
3204,0.340
3205,0.311
3206,0.281
3207,0.254
3208,0.227
3209,0.205
3210,0.181
3211,0.159
3212,0.137
3213,0.117
3214,0.095
3215,0.078
3216,0.059
3217,0.044
3218,0.027
3219,0.015
3220,0.000
3221,-0.010
3222,-0.020
3223,-0.029
3224,-0.039
3225,-0.049
3226,-0.056
3227,-0.064
3228,-0.071
3229,-0.078
3230,-0.086
3231,-0.093
3232,-0.100
3233,-0.110
3234,-0.117
3235,-0.127
3236,-0.137
3237,-0.147
3238,-0.156
3239,-0.164
3240,-0.171
3241,-0.178
3242,-0.186
3243,-0.193
3244,-0.198
3245,-0.205
3246,-0.210
3247,-0.213
3248,-0.218
3249,-0.220
3250,-0.222
3251,-0.222
3252,-0.222
3253,-0.222
3254,-0.220
3255,-0.218
3256,-0.213
3257,-0.205
3258,-0.198
3259,-0.191
3260,-0.181
3261,-0.171
3262,-0.161
3263,-0.144
3264,-0.127
3265,-0.103
3266,-0.081
3267,-0.056
3268,-0.032
3269,-0.005
3270,0.022
3271,0.056
3272,0.090
3273,0.130
3274,0.171
3275,0.218
3276,0.264
3277,0.313
3278,0.362
3279,0.408
3280,0.455
3281,0.499
3282,0.540
3283,0.584
3284,0.628
3285,0.672
3286,0.716
3287,0.753
3288,0.792
3289,0.826
3290,0.861
3291,0.888
3292,0.917
3293,0.944
3294,0.968
3295,0.985
3296,1.005
3297,1.015
3298,1.027
3299,1.034
3300,1.042
3301,1.044
3302,1.046
3303,1.042
3304,1.039
3305,1.029
3306,1.020
3307,1.007
3308,0.998
3309,0.983
3310,0.968
3311,0.949
3312,0.927
3313,0.902
3314,0.878
3315,0.846
3316,0.817
3317,0.785
3318,0.751
3319,0.719
3320,0.689
3321,0.660
3322,0.631
3323,0.599
3324,0.570
3325,0.538
3326,0.509
3327,0.479
3328,0.452
3329,0.428
3330,0.403
3331,0.381
3332,0.357
3333,0.333
3334,0.308
3335,0.286
3336,0.262
3337,0.240
3338,0.218
3339,0.196
3340,0.176
3341,0.159
3342,0.139
3343,0.122
3344,0.108
3345,0.090
3346,0.076
3347,0.064
3348,0.051
3349,0.042
3350,0.032
3351,0.024
3352,0.017
3353,0.012
3354,0.007
3355,0.005
3356,0.002
3357,0.002
3358,0.005
3359,0.005
3360,0.007
3361,0.012
3362,0.015
3363,0.022
3364,0.029
3365,0.039
3366,0.049
3367,0.059
3368,0.068
3369,0.081
3370,0.090
3371,0.105
3372,0.120
3373,0.134
3374,0.152
3375,0.169
3376,0.188
3377,0.205
3378,0.225
3379,0.242
3380,0.262
3381,0.279
3382,0.298
3383,0.318
3384,0.337
3385,0.359
3386,0.384
3387,0.406
3388,0.428
3389,0.450
3390,0.474
3391,0.501
3392,0.528
3393,0.560
3394,0.592
3395,0.623
3396,0.653
3397,0.682
3398,0.711
3399,0.736
3400,0.758
3401,0.775
3402,0.792
3403,0.800
3404,0.807
3405,0.807
3406,0.807
3407,0.802
3408,0.795
3409,0.785
3410,0.773
3411,0.751
3412,0.729
3413,0.699
3414,0.670
3415,0.633
3416,0.597
3417,0.555
3418,0.513
3419,0.477
3420,0.438
3421,0.401
3422,0.367
3423,0.330
3424,0.293
3425,0.259
3426,0.222
3427,0.193
3428,0.161
3429,0.134
3430,0.108
3431,0.086
3432,0.061
3433,0.042
3434,0.020
3435,0.002
3436,-0.012
3437,-0.027
3438,-0.039
3439,-0.051
3440,-0.064
3441,-0.073
3442,-0.083
3443,-0.093
3444,-0.100
3445,-0.110
3446,-0.120
3447,-0.127
3448,-0.134
3449,-0.142
3450,-0.149
3451,-0.159
3452,-0.166
3453,-0.176
3454,-0.183
3455,-0.193
3456,-0.200
3457,-0.208
3458,-0.218
3459,-0.222
3460,-0.230
3461,-0.237
3462,-0.242
3463,-0.247
3464,-0.252
3465,-0.259
3466,-0.264
3467,-0.269
3468,-0.271
3469,-0.276
3470,-0.279
3471,-0.279
3472,-0.281
3473,-0.279
3474,-0.279
3475,-0.276
3476,-0.274
3477,-0.269
3478,-0.264
3479,-0.257
3480,-0.252
3481,-0.244
3482,-0.237
3483,-0.227
3484,-0.218
3485,-0.208
3486,-0.196
3487,-0.183
3488,-0.171
3489,-0.159
3490,-0.144
3491,-0.125
3492,-0.105
3493,-0.078
3494,-0.051
3495,-0.020
3496,0.015
3497,0.054
3498,0.090
3499,0.127
3500,0.166
3501,0.200
3502,0.237
3503,0.274
3504,0.313
3505,0.352
3506,0.391
3507,0.425
3508,0.460
3509,0.489
3510,0.518
3511,0.543
3512,0.567
3513,0.589
3514,0.609
3515,0.623
3516,0.636
3517,0.641
3518,0.648
3519,0.648
3520,0.648
3521,0.641
3522,0.636
3523,0.623
3524,0.609
3525,0.589
3526,0.570
3527,0.548
3528,0.526
3529,0.504
3530,0.479
3531,0.452
3532,0.425
3533,0.394
3534,0.362
3535,0.333
3536,0.301
3537,0.269
3538,0.240
3539,0.213
3540,0.188
3541,0.166
3542,0.142
3543,0.122
3544,0.103
3545,0.083
3546,0.064
3547,0.049
3548,0.032
3549,0.020
3550,0.007
3551,-0.005
3552,-0.017
3553,-0.029
3554,-0.039
3555,-0.051
3556,-0.061
3557,-0.071
3558,-0.081
3559,-0.088
3560,-0.095
3561,-0.103
3562,-0.110
3563,-0.117
3564,-0.125
3565,-0.130
3566,-0.134
3567,-0.139
3568,-0.144
3569,-0.147
3570,-0.152
3571,-0.154
3572,-0.156
3573,-0.156
3574,-0.159
3575,-0.156
3576,-0.154
3577,-0.149
3578,-0.144
3579,-0.137
3580,-0.130
3581,-0.122
3582,-0.112
3583,-0.098
3584,-0.086
3585,-0.066
3586,-0.049
3587,-0.029
3588,-0.010
3589,0.010
3590,0.029
3591,0.054
3592,0.081
3593,0.110
3594,0.139
3595,0.174
3596,0.208
3597,0.242
3598,0.279
3599,0.313
3600,0.347
3601,0.377
3602,0.408
3603,0.440
3604,0.472
3605,0.501
3606,0.533
3607,0.557
3608,0.582
3609,0.601
3610,0.621
3611,0.633
3612,0.645
3613,0.648
3614,0.653
3615,0.645
3616,0.641
3617,0.626
3618,0.614
3619,0.597
3620,0.579
3621,0.557
3622,0.538
3623,0.513
3624,0.487
3625,0.457
3626,0.425
3627,0.396
3628,0.367
3629,0.340
3630,0.311
3631,0.281
3632,0.254
3633,0.222
3634,0.193
3635,0.166
3636,0.139
3637,0.112
3638,0.088
3639,0.066
3640,0.046
3641,0.029
3642,0.012
3643,-0.005
3644,-0.020
3645,-0.032
3646,-0.044
3647,-0.054
3648,-0.064
3649,-0.073
3650,-0.081
3651,-0.088
3652,-0.095
3653,-0.103
3654,-0.110
3655,-0.117
3656,-0.125
3657,-0.132
3658,-0.139
3659,-0.144
3660,-0.152
3661,-0.156
3662,-0.161
3663,-0.169
3664,-0.174
3665,-0.178
3666,-0.183
3667,-0.188
3668,-0.193
3669,-0.198
3670,-0.200
3671,-0.205
3672,-0.208
3673,-0.208
3674,-0.210
3675,-0.213
3676,-0.213
3677,-0.213
3678,-0.213
3679,-0.210
3680,-0.210
3681,-0.210
3682,-0.208
3683,-0.203
3684,-0.198
3685,-0.191
3686,-0.183
3687,-0.176
3688,-0.169
3689,-0.156
3690,-0.147
3691,-0.130
3692,-0.112
3693,-0.088
3694,-0.061
3695,-0.029
3696,0.005
3697,0.044
3698,0.083
3699,0.122
3700,0.161
3701,0.200
3702,0.240
3703,0.286
3704,0.333
3705,0.384
3706,0.438
3707,0.487
3708,0.538
3709,0.584
3710,0.633
3711,0.685
3712,0.736
3713,0.790
3714,0.844
3715,0.895
3716,0.949
3717,0.998
3718,1.049
3719,1.090
3720,1.132
3721,1.166
3722,1.203
3723,1.232
3724,1.262
3725,1.286
3726,1.311
3727,1.330
3728,1.350
3729,1.364
3730,1.379
3731,1.389
3732,1.399
3733,1.403
3734,1.411
3735,1.413
3736,1.413
3737,1.413
3738,1.411
3739,1.408
3740,1.403
3741,1.401
3742,1.396
3743,1.394
3744,1.391
3745,1.389
3746,1.389
3747,1.386
3748,1.386
3749,1.389
3750,1.389
3751,1.394
3752,1.396
3753,1.403
3754,1.408
3755,1.413
3756,1.418
3757,1.423
3758,1.428
3759,1.428
3760,1.428
3761,1.423
3762,1.421
3763,1.411
3764,1.401
3765,1.384
3766,1.369
3767,1.350
3768,1.330
3769,1.311
3770,1.289
3771,1.262
3772,1.232
3773,1.200
3774,1.169
3775,1.132
3776,1.095
3777,1.056
3778,1.017
3779,0.980
3780,0.946
3781,0.912
3782,0.880
3783,0.846
3784,0.814
3785,0.780
3786,0.748
3787,0.716
3788,0.687
3789,0.660
3790,0.633
3791,0.609
3792,0.582
3793,0.557
3794,0.533
3795,0.511
3796,0.487
3797,0.467
3798,0.447
3799,0.430
3800,0.413
3801,0.399
3802,0.384
3803,0.369
3804,0.355
3805,0.340
3806,0.325
3807,0.311
3808,0.298
3809,0.286
3810,0.274
3811,0.262
3812,0.247
3813,0.235
3814,0.220
3815,0.208
3816,0.196
3817,0.183
3818,0.171
3819,0.161
3820,0.149
3821,0.139
3822,0.132
3823,0.122
3824,0.112
3825,0.103
3826,0.095
3827,0.088
3828,0.081
3829,0.073
3830,0.066
3831,0.061
3832,0.056
3833,0.051
3834,0.049
3835,0.046
3836,0.044
3837,0.044
3838,0.044
3839,0.044
3840,0.044
3841,0.046
3842,0.049
3843,0.054
3844,0.059
3845,0.064
3846,0.071
3847,0.076
3848,0.083
3849,0.090
3850,0.098
3851,0.110
3852,0.120
3853,0.134
3854,0.149
3855,0.166
3856,0.183
3857,0.203
3858,0.225
3859,0.242
3860,0.262
3861,0.281
3862,0.301
3863,0.323
3864,0.345
3865,0.369
3866,0.394
3867,0.418
3868,0.440
3869,0.460
3870,0.482
3871,0.504
3872,0.523
3873,0.545
3874,0.565
3875,0.584
3876,0.604
3877,0.619
3878,0.636
3879,0.650
3880,0.663
3881,0.675
3882,0.685
3883,0.692
3884,0.699
3885,0.704
3886,0.709
3887,0.711
3888,0.714
3889,0.714
3890,0.714
3891,0.709
3892,0.707
3893,0.699
3894,0.694
3895,0.685
3896,0.675
3897,0.663
3898,0.653
3899,0.641
3900,0.628
3901,0.616
3902,0.606
3903,0.592
3904,0.579
3905,0.565
3906,0.550
3907,0.535
3908,0.521
3909,0.506
3910,0.494
3911,0.477
3912,0.462
3913,0.443
3914,0.425
3915,0.403
3916,0.384
3917,0.362
3918,0.340
3919,0.318
3920,0.298
3921,0.279
3922,0.259
3923,0.240
3924,0.220
3925,0.200
3926,0.181
3927,0.161
3928,0.144
3929,0.127
3930,0.110
3931,0.093
3932,0.076
3933,0.059
3934,0.042
3935,0.024
3936,0.007
3937,-0.012
3938,-0.029
3939,-0.044
3940,-0.061
3941,-0.076
3942,-0.088
3943,-0.103
3944,-0.115
3945,-0.130
3946,-0.142
3947,-0.152
3948,-0.161
3949,-0.169
3950,-0.178
3951,-0.183
3952,-0.191
3953,-0.196
3954,-0.200
3955,-0.205
3956,-0.208
3957,-0.210
3958,-0.210
3959,-0.210
3960,-0.210
3961,-0.210
3962,-0.208
3963,-0.205
3964,-0.200
3965,-0.196
3966,-0.191
3967,-0.183
3968,-0.178
3969,-0.169
3970,-0.161
3971,-0.147
3972,-0.132
3973,-0.112
3974,-0.095
3975,-0.071
3976,-0.046
3977,-0.020
3978,0.010
3979,0.034
3980,0.061
3981,0.086
3982,0.112
3983,0.137
3984,0.164
3985,0.191
3986,0.218
3987,0.242
3988,0.267
3989,0.289
3990,0.311
3991,0.330
3992,0.352
3993,0.372
3994,0.391
3995,0.411
3996,0.428
3997,0.443
3998,0.457
3999,0.469
4000,0.482
4001,0.491
4002,0.501
4003,0.511
4004,0.518
4005,0.526
4006,0.533
4007,0.538
4008,0.543
4009,0.548
4010,0.553
4011,0.557
4012,0.560
4013,0.565
4014,0.567
4015,0.570
4016,0.572
4017,0.572
4018,0.570
4019,0.567
4020,0.565
4021,0.557
4022,0.550
4023,0.535
4024,0.521
4025,0.499
4026,0.477
4027,0.452
4028,0.430
4029,0.403
4030,0.377
4031,0.342
4032,0.311
4033,0.269
4034,0.227
4035,0.181
4036,0.134
4037,0.086
4038,0.037
4039,-0.005
4040,-0.049
4041,-0.086
4042,-0.122
4043,-0.156
4044,-0.191
4045,-0.225
4046,-0.257
4047,-0.284
4048,-0.311
4049,-0.333
4050,-0.355
4051,-0.374
4052,-0.391
4053,-0.408
4054,-0.425
4055,-0.438
4056,-0.450
4057,-0.460
4058,-0.467
4059,-0.472
4060,-0.477
4061,-0.479
4062,-0.479
4063,-0.479
4064,-0.477
4065,-0.474
4066,-0.469
4067,-0.465
4068,-0.460
4069,-0.450
4070,-0.443
4071,-0.430
4072,-0.418
4073,-0.401
4074,-0.384
4075,-0.367
4076,-0.347
4077,-0.328
4078,-0.308
4079,-0.291
4080,-0.274
4081,-0.259
4082,-0.242
4083,-0.235
4084,-0.225
4085,-0.220
4086,-0.215
4087,-0.215
4088,-0.215
4089,-0.220
4090,-0.225
4091,-0.237
4092,-0.252
4093,-0.274
4094,-0.293
4095,-0.320
4096,-0.347
4097,-0.377
4098,-0.406
4099,-0.430
4100,-0.457
4101,-0.482
4102,-0.504
4103,-0.531
4104,-0.557
4105,-0.587
4106,-0.616
4107,-0.641
4108,-0.665
4109,-0.687
4110,-0.709
4111,-0.731
4112,-0.751
4113,-0.751
4114,-0.751
4115,-0.751
4116,-0.751
4117,-0.751
4118,-0.751
4119,-0.751
4120,-0.751
4121,-0.751
4122,-0.751
4123,-0.751
4124,-0.751
4125,-0.751
4126,-0.751
4127,-0.751
4128,-0.751
4129,-0.751
4130,-0.751
4131,-0.751
4132,-0.751
4133,-0.751
4134,-0.751
4135,-0.751
4136,-0.751
4137,-0.751
4138,-0.751
4139,-0.751
4140,-0.751
4141,-0.751
4142,-0.751
4143,-0.751
4144,-0.751
4145,-0.751
4146,-0.751
4147,-0.751
4148,-0.751
4149,-0.751
4150,-0.751
4151,-0.751
4152,-0.751
4153,-0.751
4154,-0.751
4155,-0.748
4156,-0.746
4157,-0.716
4158,-0.687
4159,-0.658
4160,-0.631
4161,-0.601
4162,-0.575
4163,-0.543
4164,-0.513
4165,-0.482
4166,-0.450
4167,-0.418
4168,-0.389
4169,-0.362
4170,-0.333
4171,-0.306
4172,-0.279
4173,-0.252
4174,-0.222
4175,-0.196
4176,-0.169
4177,-0.142
4178,-0.115
4179,-0.090
4180,-0.066
4181,-0.046
4182,-0.024
4183,-0.002
4184,0.020
4185,0.042
4186,0.064
4187,0.081
4188,0.100
4189,0.117
4190,0.137
4191,0.154
4192,0.171
4193,0.188
4194,0.205
4195,0.222
4196,0.242
4197,0.257
4198,0.274
4199,0.289
4200,0.303
4201,0.318
4202,0.330
4203,0.342
4204,0.357
4205,0.369
4206,0.381
4207,0.394
4208,0.406
4209,0.416
4210,0.425
4211,0.435
4212,0.445
4213,0.452
4214,0.460
4215,0.467
4216,0.474
4217,0.482
4218,0.489
4219,0.494
4220,0.499
4221,0.504
4222,0.506
4223,0.511
4224,0.516
4225,0.521
4226,0.528
4227,0.533
4228,0.538
4229,0.545
4230,0.553
4231,0.560
4232,0.567
4233,0.575
4234,0.584
4235,0.592
4236,0.601
4237,0.611
4238,0.623
4239,0.631
4240,0.641
4241,0.650
4242,0.658
4243,0.667
4244,0.677
4245,0.687
4246,0.697
4247,0.709
4248,0.719
4249,0.729
4250,0.741
4251,0.753
4252,0.768
4253,0.782
4254,0.800
4255,0.817
4256,0.836
4257,0.858
4258,0.883
4259,0.902
4260,0.924
4261,0.946
4262,0.968
4263,0.993
4264,1.020
4265,1.049
4266,1.078
4267,1.108
4268,1.137
4269,1.166
4270,1.196
4271,1.227
4272,1.259
4273,1.293
4274,1.328
4275,1.359
4276,1.391
4277,1.423
4278,1.452
4279,1.477
4280,1.504
4281,1.523
4282,1.543
4283,1.555
4284,1.570
4285,1.579
4286,1.589
4287,1.594
4288,1.599
4289,1.599
4290,1.601
4291,1.599
4292,1.594
4293,1.587
4294,1.579
4295,1.567
4296,1.555
4297,1.540
4298,1.528
4299,1.513
4300,1.499
4301,1.484
4302,1.469
4303,1.452
4304,1.438
4305,1.421
4306,1.406
4307,1.391
4308,1.377
4309,1.362
4310,1.350
4311,1.340
4312,1.328
4313,1.320
4314,1.311
4315,1.306
4316,1.301
4317,1.298
4318,1.296
4319,1.293
4320,1.293
4321,1.293
4322,1.296
4323,1.298
4324,1.301
4325,1.306
4326,1.308
4327,1.313
4328,1.315
4329,1.318
4330,1.320
4331,1.315
4332,1.313
4333,1.306
4334,1.298
4335,1.279
4336,1.259
4337,1.232
4338,1.205
4339,1.176
4340,1.147
4341,1.112
4342,1.078
4343,1.032
4344,0.988
4345,0.934
4346,0.880
4347,0.826
4348,0.775
4349,0.721
4350,0.667
4351,0.609
4352,0.550
4353,0.484
4354,0.418
4355,0.350
4356,0.281
4357,0.210
4358,0.142
4359,0.078
4360,0.017
4361,-0.039
4362,-0.095
4363,-0.152
4364,-0.210
4365,-0.269
4366,-0.325
4367,-0.377
4368,-0.428
4369,-0.472
4370,-0.518
4371,-0.565
4372,-0.611
4373,-0.663
4374,-0.711
4375,-0.731
4376,-0.751
4377,-0.751
4378,-0.751
4379,-0.751
4380,-0.751
4381,-0.751
4382,-0.751
4383,-0.751
4384,-0.751
4385,-0.751
4386,-0.751
4387,-0.751
4388,-0.751
4389,-0.751
4390,-0.751
4391,-0.751
4392,-0.751
4393,-0.751
4394,-0.751
4395,-0.751
4396,-0.751
4397,-0.751
4398,-0.751
4399,-0.751
4400,-0.751
4401,-0.751
4402,-0.751
4403,-0.751
4404,-0.751
4405,-0.751
4406,-0.751
4407,-0.751
4408,-0.751
4409,-0.751
4410,-0.751
4411,-0.751
4412,-0.751
4413,-0.751
4414,-0.751
4415,-0.751
4416,-0.751
4417,-0.751
4418,-0.751
4419,-0.751
4420,-0.751
4421,-0.751
4422,-0.751
4423,-0.751
4424,-0.751
4425,-0.751
4426,-0.751
4427,-0.751
4428,-0.751
4429,-0.751
4430,-0.751
4431,-0.751
4432,-0.751
4433,-0.751
4434,-0.751
4435,-0.751
4436,-0.751
4437,-0.751
4438,-0.751
4439,-0.751
4440,-0.751
4441,-0.751
4442,-0.751
4443,-0.751
4444,-0.751
4445,-0.751
4446,-0.751
4447,-0.751
4448,-0.751
4449,-0.731
4450,-0.711
4451,-0.687
4452,-0.663
4453,-0.638
4454,-0.614
4455,-0.589
4456,-0.562
4457,-0.538
4458,-0.513
4459,-0.491
4460,-0.469
4461,-0.447
4462,-0.428
4463,-0.408
4464,-0.386
4465,-0.367
4466,-0.347
4467,-0.330
4468,-0.313
4469,-0.298
4470,-0.284
4471,-0.269
4472,-0.254
4473,-0.240
4474,-0.222
4475,-0.208
4476,-0.193
4477,-0.176
4478,-0.161
4479,-0.147
4480,-0.132
4481,-0.117
4482,-0.103
4483,-0.086
4484,-0.071
4485,-0.054
4486,-0.039
4487,-0.024
4488,-0.007
4489,0.005
4490,0.020
4491,0.032
4492,0.044
4493,0.056
4494,0.066
4495,0.078
4496,0.088
4497,0.098
4498,0.108
4499,0.115
4500,0.122
4501,0.130
4502,0.137
4503,0.144
4504,0.152
4505,0.159
4506,0.166
4507,0.171
4508,0.178
4509,0.186
4510,0.191
4511,0.198
4512,0.203
4513,0.210
4514,0.215
4515,0.222
4516,0.227
4517,0.232
4518,0.240
4519,0.242
4520,0.247
4521,0.252
4522,0.257
4523,0.259
4524,0.262
4525,0.264
4526,0.267
4527,0.269
4528,0.271
4529,0.274
4530,0.274
4531,0.274
4532,0.274
4533,0.274
4534,0.274
4535,0.274
4536,0.271
4537,0.271
4538,0.271
4539,0.269
4540,0.269
4541,0.267
4542,0.264
4543,0.262
4544,0.262
4545,0.259
4546,0.259
4547,0.257
4548,0.254
4549,0.249
4550,0.247
4551,0.242
4552,0.237
4553,0.230
4554,0.225
4555,0.218
4556,0.210
4557,0.203
4558,0.196
4559,0.188
4560,0.181
4561,0.174
4562,0.166
4563,0.156
4564,0.149
4565,0.142
4566,0.134
4567,0.125
4568,0.117
4569,0.110
4570,0.103
4571,0.095
4572,0.088
4573,0.081
4574,0.071
4575,0.061
4576,0.054
4577,0.044
4578,0.034
4579,0.027
4580,0.017
4581,0.010
4582,0.000
4583,-0.012
4584,-0.022
4585,-0.037
4586,-0.051
4587,-0.066
4588,-0.078
4589,-0.093
4590,-0.108
4591,-0.125
4592,-0.142
4593,-0.161
4594,-0.181
4595,-0.200
4596,-0.220
4597,-0.242
4598,-0.262
4599,-0.279
4600,-0.296
4601,-0.308
4602,-0.320
4603,-0.333
4604,-0.342
4605,-0.350
4606,-0.359
4607,-0.364
4608,-0.367
4609,-0.369
4610,-0.369
4611,-0.367
4612,-0.362
4613,-0.355
4614,-0.345
4615,-0.335
4616,-0.323
4617,-0.308
4618,-0.293
4619,-0.279
4620,-0.264
4621,-0.252
4622,-0.237
4623,-0.225
4624,-0.210
4625,-0.198
4626,-0.186
4627,-0.174
4628,-0.164
4629,-0.156
4630,-0.149
4631,-0.147
4632,-0.144
4633,-0.147
4634,-0.149
4635,-0.156
4636,-0.161
4637,-0.174
4638,-0.183
4639,-0.196
4640,-0.205
4641,-0.218
4642,-0.227
4643,-0.240
4644,-0.252
4645,-0.267
4646,-0.281
4647,-0.293
4648,-0.306
4649,-0.315
4650,-0.325
4651,-0.335
4652,-0.345
4653,-0.352
4654,-0.362
4655,-0.369
4656,-0.377
4657,-0.384
4658,-0.391
4659,-0.399
4660,-0.403
4661,-0.408
4662,-0.411
4663,-0.418
4664,-0.423
4665,-0.428
4666,-0.435
4667,-0.438
4668,-0.443
4669,-0.445
4670,-0.447
4671,-0.450
4672,-0.450
4673,-0.452
4674,-0.455
4675,-0.457
4676,-0.457
4677,-0.457
4678,-0.455
4679,-0.452
4680,-0.450
4681,-0.447
4682,-0.443
4683,-0.435
4684,-0.430
4685,-0.425
4686,-0.418
4687,-0.411
4688,-0.403
4689,-0.399
4690,-0.391
4691,-0.384
4692,-0.377
4693,-0.372
4694,-0.364
4695,-0.359
4696,-0.355
4697,-0.350
4698,-0.345
4699,-0.342
4700,-0.340
4701,-0.337
4702,-0.337
4703,-0.340
4704,-0.340
4705,-0.345
4706,-0.350
4707,-0.355
4708,-0.359
4709,-0.364
4710,-0.369
4711,-0.377
4712,-0.381
4713,-0.391
4714,-0.401
4715,-0.408
4716,-0.418
4717,-0.428
4718,-0.435
4719,-0.443
4720,-0.447
4721,-0.452
4722,-0.457
4723,-0.460
4724,-0.462
4725,-0.465
4726,-0.465
4727,-0.465
4728,-0.462
4729,-0.460
4730,-0.457
4731,-0.452
4732,-0.447
4733,-0.443
4734,-0.438
4735,-0.430
4736,-0.423
4737,-0.416
4738,-0.408
4739,-0.401
4740,-0.391
4741,-0.384
4742,-0.374
4743,-0.367
4744,-0.357
4745,-0.347
4746,-0.340
4747,-0.330
4748,-0.320
4749,-0.308
4750,-0.298
4751,-0.286
4752,-0.274
4753,-0.259
4754,-0.244
4755,-0.225
4756,-0.208
4757,-0.186
4758,-0.164
4759,-0.144
4760,-0.122
4761,-0.100
4762,-0.081
4763,-0.054
4764,-0.027
4765,0.002
4766,0.032
4767,0.061
4768,0.088
4769,0.117
4770,0.144
4771,0.176
4772,0.208
4773,0.242
4774,0.279
4775,0.315
4776,0.352
4777,0.389
4778,0.425
4779,0.457
4780,0.489
4781,0.518
4782,0.545
4783,0.570
4784,0.597
4785,0.619
4786,0.643
4787,0.663
4788,0.682
4789,0.697
4790,0.714
4791,0.726
4792,0.741
4793,0.751
4794,0.763
4795,0.768
4796,0.775
4797,0.778
4798,0.782
4799,0.782
4800,0.785
4801,0.782
4802,0.782
4803,0.775
4804,0.770
4805,0.758
4806,0.748
4807,0.736
4808,0.724
4809,0.709
4810,0.694
4811,0.675
4812,0.653
4813,0.628
4814,0.604
4815,0.572
4816,0.543
4817,0.509
4818,0.474
4819,0.440
4820,0.408
4821,0.377
4822,0.345
4823,0.311
4824,0.276
4825,0.242
4826,0.205
4827,0.171
4828,0.139
4829,0.108
4830,0.078
4831,0.049
4832,0.017
4833,-0.012
4834,-0.044
4835,-0.071
4836,-0.098
4837,-0.122
4838,-0.147
4839,-0.166
4840,-0.186
4841,-0.200
4842,-0.218
4843,-0.232
4844,-0.244
4845,-0.257
4846,-0.269
4847,-0.279
4848,-0.286
4849,-0.293
4850,-0.298
4851,-0.301
4852,-0.306
4853,-0.306
4854,-0.306
4855,-0.301
4856,-0.298
4857,-0.291
4858,-0.284
4859,-0.274
4860,-0.264
4861,-0.252
4862,-0.237
4863,-0.220
4864,-0.200
4865,-0.176
4866,-0.152
4867,-0.125
4868,-0.098
4869,-0.071
4870,-0.042
4871,-0.005
4872,0.032
4873,0.073
4874,0.115
4875,0.161
4876,0.205
4877,0.252
4878,0.298
4879,0.337
4880,0.379
4881,0.413
4882,0.450
4883,0.482
4884,0.516
4885,0.545
4886,0.577
4887,0.604
4888,0.631
4889,0.653
4890,0.675
4891,0.699
4892,0.721
4893,0.746
4894,0.770
4895,0.797
4896,0.824
4897,0.853
4898,0.883
4899,0.907
4900,0.934
4901,0.956
4902,0.980
4903,1.005
4904,1.027
4905,1.049
4906,1.071
4907,1.088
4908,1.105
4909,1.117
4910,1.130
4911,1.132
4912,1.137
4913,1.130
4914,1.125
4915,1.108
4916,1.090
4917,1.064
4918,1.037
4919,1.005
4920,0.976
4921,0.941
4922,0.907
4923,0.861
4924,0.817
4925,0.763
4926,0.709
4927,0.658
4928,0.606
4929,0.557
4930,0.506
4931,0.452
4932,0.396
4933,0.337
4934,0.279
4935,0.218
4936,0.159
4937,0.100
4938,0.042
4939,-0.007
4940,-0.056
4941,-0.098
4942,-0.139
4943,-0.178
4944,-0.218
4945,-0.254
4946,-0.289
4947,-0.318
4948,-0.347
4949,-0.369
4950,-0.394
4951,-0.413
4952,-0.433
4953,-0.450
4954,-0.465
4955,-0.477
4956,-0.489
4957,-0.499
4958,-0.506
4959,-0.511
4960,-0.513
4961,-0.516
4962,-0.516
4963,-0.516
4964,-0.518
4965,-0.518
4966,-0.518
4967,-0.518
4968,-0.518
4969,-0.516
4970,-0.516
4971,-0.518
4972,-0.521
4973,-0.528
4974,-0.535
4975,-0.545
4976,-0.557
4977,-0.572
4978,-0.584
4979,-0.599
4980,-0.611
4981,-0.623
4982,-0.636
4983,-0.653
4984,-0.670
4985,-0.689
4986,-0.709
4987,-0.726
4988,-0.743
4989,-0.748
4990,-0.751
4991,-0.751
4992,-0.751
4993,-0.751
4994,-0.751
4995,-0.751
4996,-0.751
4997,-0.751
4998,-0.751
4999,-0.751
5000,-0.751
5001,-0.751
5002,-0.751
5003,-0.751
5004,-0.751
5005,-0.751
5006,-0.751
5007,-0.751
5008,-0.751
5009,-0.751
5010,-0.751
5011,-0.751
5012,-0.751
5013,-0.748
5014,-0.743
5015,-0.729
5016,-0.711
5017,-0.697
5018,-0.680
5019,-0.663
5020,-0.645
5021,-0.626
5022,-0.609
5023,-0.587
5024,-0.567
5025,-0.545
5026,-0.521
5027,-0.501
5028,-0.479
5029,-0.457
5030,-0.435
5031,-0.416
5032,-0.394
5033,-0.372
5034,-0.350
5035,-0.330
5036,-0.308
5037,-0.289
5038,-0.269
5039,-0.254
5040,-0.237
5041,-0.222
5042,-0.210
5043,-0.198
5044,-0.186
5045,-0.176
5046,-0.166
5047,-0.159
5048,-0.152
5049,-0.147
5050,-0.142
5051,-0.142
5052,-0.139
5053,-0.142
5054,-0.142
5055,-0.149
5056,-0.154
5057,-0.161
5058,-0.169
5059,-0.178
5060,-0.186
5061,-0.193
5062,-0.200
5063,-0.210
5064,-0.218
5065,-0.227
5066,-0.237
5067,-0.244
5068,-0.254
5069,-0.259
5070,-0.267
5071,-0.269
5072,-0.274
5073,-0.276
5074,-0.279
5075,-0.276
5076,-0.276
5077,-0.274
5078,-0.269
5079,-0.264
5080,-0.259
5081,-0.254
5082,-0.249
5083,-0.240
5084,-0.232
5085,-0.222
5086,-0.215
5087,-0.205
5088,-0.196
5089,-0.188
5090,-0.181
5091,-0.176
5092,-0.169
5093,-0.164
5094,-0.159
5095,-0.154
5096,-0.152
5097,-0.149
5098,-0.147
5099,-0.147
5100,-0.144
5101,-0.144
5102,-0.147
5103,-0.149
5104,-0.154
5105,-0.159
5106,-0.164
5107,-0.171
5108,-0.178
5109,-0.186
5110,-0.193
5111,-0.205
5112,-0.215
5113,-0.230
5114,-0.244
5115,-0.264
5116,-0.284
5117,-0.308
5118,-0.333
5119,-0.355
5120,-0.377
5121,-0.401
5122,-0.423
5123,-0.457
5124,-0.489
5125,-0.526
5126,-0.565
5127,-0.601
5128,-0.636
5129,-0.670
5130,-0.704
5131,-0.729
5132,-0.751
5133,-0.751
5134,-0.751
5135,-0.751
5136,-0.751
5137,-0.751
5138,-0.751
5139,-0.751
5140,-0.751
5141,-0.751
5142,-0.751
5143,-0.751
5144,-0.751
5145,-0.751
5146,-0.751
5147,-0.751
5148,-0.751
5149,-0.751
5150,-0.751
5151,-0.751
5152,-0.751
5153,-0.751
5154,-0.751
5155,-0.751
5156,-0.751
5157,-0.751
5158,-0.751
5159,-0.751
5160,-0.751
5161,-0.751
5162,-0.751
5163,-0.751
5164,-0.751
5165,-0.751
5166,-0.751
5167,-0.751
5168,-0.751
5169,-0.751
5170,-0.751
5171,-0.751
5172,-0.751
5173,-0.751
5174,-0.751
5175,-0.751
5176,-0.751
5177,-0.751
5178,-0.751
5179,-0.751
5180,-0.751
5181,-0.751
5182,-0.751
5183,-0.751
5184,-0.751
5185,-0.751
5186,-0.751
5187,-0.731
5188,-0.711
5189,-0.687
5190,-0.663
5191,-0.645
5192,-0.626
5193,-0.611
5194,-0.597
5195,-0.589
5196,-0.584
5197,-0.584
5198,-0.582
5199,-0.584
5200,-0.587
5201,-0.592
5202,-0.599
5203,-0.614
5204,-0.628
5205,-0.653
5206,-0.675
5207,-0.697
5208,-0.721
5209,-0.736
5210,-0.751
5211,-0.751
5212,-0.751
5213,-0.751
5214,-0.751
5215,-0.751
5216,-0.751
5217,-0.751
5218,-0.751
5219,-0.751
5220,-0.751
5221,-0.751
5222,-0.751
5223,-0.751
5224,-0.751
5225,-0.751
5226,-0.751
5227,-0.751
5228,-0.751
5229,-0.751
5230,-0.751
5231,-0.751
5232,-0.751
5233,-0.751
5234,-0.751
5235,-0.751
5236,-0.751
5237,-0.751
5238,-0.751
5239,-0.751
5240,-0.751
5241,-0.751
5242,-0.751
5243,-0.751
5244,-0.751
5245,-0.751
5246,-0.751
5247,-0.751
5248,-0.751
5249,-0.751
5250,-0.751
5251,-0.751
5252,-0.751
5253,-0.751
5254,-0.751
5255,-0.751
5256,-0.751
5257,-0.751
5258,-0.751
5259,-0.751
5260,-0.751
5261,-0.751
5262,-0.751
5263,-0.751
5264,-0.751
5265,-0.751
5266,-0.751
5267,-0.751
5268,-0.751
5269,-0.751
5270,-0.751
5271,-0.748
5272,-0.743
5273,-0.719
5274,-0.694
5275,-0.665
5276,-0.636
5277,-0.601
5278,-0.567
5279,-0.533
5280,-0.499
5281,-0.465
5282,-0.430
5283,-0.391
5284,-0.352
5285,-0.308
5286,-0.267
5287,-0.225
5288,-0.186
5289,-0.144
5290,-0.103
5291,-0.056
5292,-0.010
5293,0.042
5294,0.095
5295,0.149
5296,0.203
5297,0.259
5298,0.313
5299,0.362
5300,0.413
5301,0.457
5302,0.504
5303,0.550
5304,0.599
5305,0.648
5306,0.697
5307,0.743
5308,0.787
5309,0.831
5310,0.873
5311,0.922
5312,0.971
5313,1.024
5314,1.078
5315,1.139
5316,1.200
5317,1.267
5318,1.330
5319,1.391
5320,1.452
5321,1.511
5322,1.570
5323,1.633
5324,1.699
5325,1.726
5326,1.751
5327,1.751
5328,1.751
5329,1.751
5330,1.751
5331,1.751
5332,1.751
5333,1.751
5334,1.751
5335,1.751
5336,1.751
5337,1.751
5338,1.751
5339,1.751
5340,1.751
5341,1.751
5342,1.751
5343,1.751
5344,1.751
5345,1.751
5346,1.751
5347,1.751
5348,1.751
5349,1.751
5350,1.751
5351,1.751
5352,1.751
5353,1.751
5354,1.751
5355,1.751
5356,1.751
5357,1.751
5358,1.751
5359,1.751
5360,1.751
5361,1.751
5362,1.751
5363,1.751
5364,1.751
5365,1.751
5366,1.751
5367,1.751
5368,1.751
5369,1.751
5370,1.751
5371,1.751
5372,1.751
5373,1.751
5374,1.751
5375,1.751
5376,1.751
5377,1.751
5378,1.751
5379,1.751
5380,1.751
5381,1.751
5382,1.751
5383,1.751
5384,1.751
5385,1.751
5386,1.751
5387,1.751
5388,1.751
5389,1.751
5390,1.751
5391,1.751
5392,1.751
5393,1.751
5394,1.751
5395,1.751
5396,1.751
5397,1.751
5398,1.751
5399,1.751
5400,1.751
5401,1.751
5402,1.751
5403,1.746
5404,1.741
5405,1.736
5406,1.733
5407,1.729
5408,1.726
5409,1.719
5410,1.714
5411,1.704
5412,1.692
5413,1.675
5414,1.655
5415,1.623
5416,1.589
5417,1.543
5418,1.496
5419,1.445
5420,1.394
5421,1.337
5422,1.279
5423,1.203
5424,1.130
5425,1.039
5426,0.951
5427,0.866
5428,0.780
5429,0.697
5430,0.614
5431,0.528
5432,0.443
5433,0.355
5434,0.269
5435,0.188
5436,0.110
5437,0.042
5438,-0.027
5439,-0.083
5440,-0.137
5441,-0.181
5442,-0.222
5443,-0.257
5444,-0.289
5445,-0.315
5446,-0.340
5447,-0.359
5448,-0.379
5449,-0.394
5450,-0.408
5451,-0.421
5452,-0.433
5453,-0.445
5454,-0.457
5455,-0.469
5456,-0.479
5457,-0.491
5458,-0.504
5459,-0.513
5460,-0.521
5461,-0.528
5462,-0.533
5463,-0.540
5464,-0.545
5465,-0.550
5466,-0.557
5467,-0.560
5468,-0.562
5469,-0.562
5470,-0.562
5471,-0.560
5472,-0.557
5473,-0.555
5474,-0.553
5475,-0.550
5476,-0.545
5477,-0.540
5478,-0.538
5479,-0.533
5480,-0.526
5481,-0.521
5482,-0.516
5483,-0.509
5484,-0.504
5485,-0.496
5486,-0.491
5487,-0.484
5488,-0.474
5489,-0.467
5490,-0.457
5491,-0.445
5492,-0.430
5493,-0.413
5494,-0.396
5495,-0.374
5496,-0.350
5497,-0.320
5498,-0.293
5499,-0.264
5500,-0.235
5501,-0.205
5502,-0.176
5503,-0.142
5504,-0.108
5505,-0.068
5506,-0.029
5507,0.007
5508,0.044
5509,0.076
5510,0.108
5511,0.137
5512,0.169
5513,0.196
5514,0.225
5515,0.249
5516,0.274
5517,0.293
5518,0.315
5519,0.330
5520,0.347
5521,0.359
5522,0.372
5523,0.384
5524,0.394
5525,0.403
5526,0.416
5527,0.423
5528,0.433
5529,0.440
5530,0.450
5531,0.457
5532,0.467
5533,0.474
5534,0.484
5535,0.489
5536,0.496
5537,0.501
5538,0.506
5539,0.511
5540,0.513
5541,0.516
5542,0.518
5543,0.521
5544,0.521
5545,0.518
5546,0.518
5547,0.518
5548,0.516
5549,0.516
5550,0.513
5551,0.516
5552,0.516
5553,0.521
5554,0.523
5555,0.531
5556,0.540
5557,0.553
5558,0.565
5559,0.577
5560,0.592
5561,0.609
5562,0.626
5563,0.648
5564,0.670
5565,0.699
5566,0.726
5567,0.753
5568,0.780
5569,0.809
5570,0.836
5571,0.868
5572,0.902
5573,0.939
5574,0.976
5575,1.015
5576,1.056
5577,1.098
5578,1.139
5579,1.176
5580,1.215
5581,1.249
5582,1.284
5583,1.320
5584,1.357
5585,1.394
5586,1.433
5587,1.469
5588,1.506
5589,1.540
5590,1.575
5591,1.614
5592,1.650
5593,1.694
5594,1.736
5595,1.743
5596,1.751
5597,1.751
5598,1.751
5599,1.751
5600,1.751
5601,1.751
5602,1.751
5603,1.751
5604,1.751
5605,1.751
5606,1.751
5607,1.751
5608,1.751
5609,1.751
5610,1.751
5611,1.751
5612,1.751
5613,1.751
5614,1.751
5615,1.751
5616,1.751
5617,1.751
5618,1.751
5619,1.751
5620,1.751
5621,1.751
5622,1.751
5623,1.751
5624,1.751
5625,1.751
5626,1.751
5627,1.751
5628,1.751
5629,1.751
5630,1.751
5631,1.751
5632,1.751
5633,1.751
5634,1.751
5635,1.751
5636,1.751
5637,1.751
5638,1.751
5639,1.751
5640,1.751
5641,1.751
5642,1.751
5643,1.751
5644,1.751
5645,1.751
5646,1.751
5647,1.751
5648,1.751
5649,1.751
5650,1.751
5651,1.751
5652,1.751
5653,1.751
5654,1.751
5655,1.751
5656,1.751
5657,1.751
5658,1.751
5659,1.751
5660,1.751
5661,1.751
5662,1.751
5663,1.751
5664,1.751
5665,1.751
5666,1.751
5667,1.751
5668,1.751
5669,1.751
5670,1.751
5671,1.751
5672,1.751
5673,1.751
5674,1.751
5675,1.751
5676,1.751
5677,1.751
5678,1.751
5679,1.751
5680,1.751
5681,1.751
5682,1.751
5683,1.751
5684,1.751
5685,1.751
5686,1.751
5687,1.751
5688,1.751
5689,1.751
5690,1.751
5691,1.751
5692,1.751
5693,1.751
5694,1.751
5695,1.751
5696,1.751
5697,1.751
5698,1.751
5699,1.751
5700,1.751
5701,1.751
5702,1.751
5703,1.751
5704,1.751
5705,1.751
5706,1.751
5707,1.751
5708,1.751
5709,1.751
5710,1.751
5711,1.751
5712,1.751
5713,1.751
5714,1.751
5715,1.751
5716,1.751
5717,1.751
5718,1.751
5719,1.751
5720,1.751
5721,1.751
5722,1.751
5723,1.751
5724,1.751
5725,1.751
5726,1.751
5727,1.751
5728,1.751
5729,1.751
5730,1.751
5731,1.751
5732,1.751
5733,1.751
5734,1.751
5735,1.751
5736,1.751
5737,1.751
5738,1.751
5739,1.751
5740,1.751
5741,1.751
5742,1.751
5743,1.751
5744,1.751
5745,1.751
5746,1.751
5747,1.751
5748,1.751
5749,1.751
5750,1.751
5751,1.751
5752,1.751
5753,1.751
5754,1.751
5755,1.751
5756,1.751
5757,1.751
5758,1.751
5759,1.751
5760,1.751
5761,1.751
5762,1.751
5763,1.751
5764,1.751
5765,1.751
5766,1.751
5767,1.751
5768,1.751
5769,1.743
5770,1.736
5771,1.716
5772,1.694
5773,1.672
5774,1.650
5775,1.626
5776,1.601
5777,1.575
5778,1.548
5779,1.521
5780,1.494
5781,1.467
5782,1.440
5783,1.411
5784,1.384
5785,1.355
5786,1.328
5787,1.298
5788,1.271
5789,1.247
5790,1.220
5791,1.196
5792,1.171
5793,1.147
5794,1.122
5795,1.100
5796,1.076
5797,1.054
5798,1.034
5799,1.012
5800,0.993
5801,0.973
5802,0.954
5803,0.934
5804,0.914
5805,0.895
5806,0.878
5807,0.858
5808,0.841
5809,0.824
5810,0.807
5811,0.787
5812,0.770
5813,0.753
5814,0.736
5815,0.716
5816,0.699
5817,0.682
5818,0.665
5819,0.645
5820,0.628
5821,0.611
5822,0.594
5823,0.577
5824,0.560
5825,0.540
5826,0.523
5827,0.504
5828,0.487
5829,0.472
5830,0.455
5831,0.440
5832,0.425
5833,0.411
5834,0.399
5835,0.386
5836,0.377
5837,0.364
5838,0.355
5839,0.347
5840,0.337
5841,0.328
5842,0.320
5843,0.311
5844,0.303
5845,0.293
5846,0.286
5847,0.276
5848,0.267
5849,0.257
5850,0.247
5851,0.232
5852,0.220
5853,0.205
5854,0.191
5855,0.174
5856,0.156
5857,0.137
5858,0.117
5859,0.098
5860,0.078
5861,0.061
5862,0.042
5863,0.024
5864,0.007
5865,-0.010
5866,-0.024
5867,-0.039
5868,-0.051
5869,-0.064
5870,-0.073
5871,-0.078
5872,-0.086
5873,-0.088
5874,-0.088
5875,-0.088
5876,-0.086
5877,-0.081
5878,-0.073
5879,-0.068
5880,-0.064
5881,-0.056
5882,-0.049
5883,-0.039
5884,-0.032
5885,-0.020
5886,-0.007
5887,0.002
5888,0.015
5889,0.024
5890,0.037
5891,0.049
5892,0.061
5893,0.076
5894,0.090
5895,0.108
5896,0.122
5897,0.139
5898,0.156
5899,0.174
5900,0.188
5901,0.203
5902,0.220
5903,0.237
5904,0.257
5905,0.276
5906,0.296
5907,0.315
5908,0.337
5909,0.357
5910,0.377
5911,0.401
5912,0.425
5913,0.450
5914,0.477
5915,0.506
5916,0.533
5917,0.562
5918,0.594
5919,0.621
5920,0.648
5921,0.672
5922,0.697
5923,0.721
5924,0.746
5925,0.770
5926,0.795
5927,0.819
5928,0.841
5929,0.861
5930,0.883
5931,0.905
5932,0.927
5933,0.951
5934,0.976
5935,1.000
5936,1.024
5937,1.049
5938,1.076
5939,1.098
5940,1.120
5941,1.142
5942,1.164
5943,1.186
5944,1.208
5945,1.230
5946,1.254
5947,1.274
5948,1.296
5949,1.315
5950,1.333
5951,1.355
5952,1.374
5953,1.399
5954,1.421
5955,1.443
5956,1.465
5957,1.487
5958,1.509
5959,1.528
5960,1.548
5961,1.562
5962,1.577
5963,1.589
5964,1.601
5965,1.611
5966,1.621
5967,1.628
5968,1.633
5969,1.636
5970,1.641
5971,1.638
5972,1.638
5973,1.633
5974,1.631
5975,1.623
5976,1.616
5977,1.606
5978,1.597
5979,1.589
5980,1.579
5981,1.570
5982,1.560
5983,1.550
5984,1.540
5985,1.531
5986,1.521
5987,1.511
5988,1.501
5989,1.491
5990,1.484
5991,1.477
5992,1.469
5993,1.465
5994,1.460
5995,1.457
5996,1.452
5997,1.452
5998,1.450
5999,1.447
6000,1.447
6001,1.445
6002,1.443
6003,1.440
6004,1.440
6005,1.438
6006,1.435
6007,1.433
6008,1.430
6009,1.425
6010,1.423
6011,1.421
6012,1.416
6013,1.413
6014,1.408
6015,1.403
6016,1.401
6017,1.396
6018,1.391
6019,1.386
6020,1.381
6021,1.377
6022,1.372
6023,1.364
6024,1.359
6025,1.355
6026,1.347
6027,1.342
6028,1.335
6029,1.330
6030,1.323
6031,1.318
6032,1.313
6033,1.311
6034,1.306
6035,1.306
6036,1.303
6037,1.306
6038,1.308
6039,1.308
6040,1.311
6041,1.315
6042,1.318
6043,1.323
6044,1.328
6045,1.337
6046,1.345
6047,1.352
6048,1.359
6049,1.364
6050,1.372
6051,1.381
6052,1.389
6053,1.399
6054,1.408
6055,1.421
6056,1.430
6057,1.440
6058,1.450
6059,1.460
6060,1.467
6061,1.474
6062,1.482
6063,1.489
6064,1.496
6065,1.501
6066,1.509
6067,1.516
6068,1.521
6069,1.526
6070,1.531
6071,1.538
6072,1.545
6073,1.555
6074,1.565
6075,1.577
6076,1.592
6077,1.609
6078,1.626
6079,1.643
6080,1.660
6081,1.677
6082,1.697
6083,1.719
6084,1.741
6085,1.746
6086,1.751
6087,1.751
6088,1.751
6089,1.751
6090,1.751
6091,1.751
6092,1.751
6093,1.751
6094,1.751
6095,1.751
6096,1.751
6097,1.751
6098,1.751
6099,1.751
6100,1.751
6101,1.751
6102,1.751
6103,1.751
6104,1.751
6105,1.751
6106,1.751
6107,1.751
6108,1.751
6109,1.751
6110,1.751
6111,1.751
6112,1.751
6113,1.751
6114,1.751
6115,1.751
6116,1.751
6117,1.751
6118,1.751
6119,1.751
6120,1.751
6121,1.751
6122,1.751
6123,1.751
6124,1.751
6125,1.751
6126,1.751
6127,1.751
6128,1.751
6129,1.751
6130,1.751
6131,1.751
6132,1.751
6133,1.751
6134,1.751
6135,1.751
6136,1.751
6137,1.751
6138,1.751
6139,1.751
6140,1.751
6141,1.751
6142,1.751
6143,1.751
6144,1.751
6145,1.751
6146,1.751
6147,1.751
6148,1.751
6149,1.751
6150,1.751
6151,1.751
6152,1.751
6153,1.751
6154,1.751
6155,1.751
6156,1.751
6157,1.751
6158,1.751
6159,1.751
6160,1.751
6161,1.751
6162,1.751
6163,1.751
6164,1.751
6165,1.751
6166,1.751
6167,1.751
6168,1.751
6169,1.751
6170,1.751
6171,1.751
6172,1.751
6173,1.751
6174,1.751
6175,1.751
6176,1.751
6177,1.719
6178,1.687
6179,1.553
6180,1.418
6181,1.276
6182,1.137
6183,0.976
6184,0.814
6185,0.638
6186,0.462
6187,0.293
6188,0.122
6189,-0.042
6190,-0.205
6191,-0.372
6192,-0.538
6193,-0.645
6194,-0.751
6195,-0.751
6196,-0.751
6197,-0.751
6198,-0.751
6199,-0.751
6200,-0.751
6201,-0.751
6202,-0.751
6203,-0.751
6204,-0.751
6205,-0.751
6206,-0.751
6207,-0.751
6208,-0.751
6209,-0.751
6210,-0.751
6211,-0.751
6212,-0.751
6213,-0.751
6214,-0.751
6215,-0.751
6216,-0.751
6217,-0.751
6218,-0.751
6219,-0.751
6220,-0.751
6221,-0.751
6222,-0.751
6223,-0.751
6224,-0.751
6225,-0.751
6226,-0.751
6227,-0.751
6228,-0.751
6229,-0.751
6230,-0.751
6231,-0.751
6232,-0.751
6233,-0.751
6234,-0.751
6235,-0.751
6236,-0.751
6237,-0.751
6238,-0.751
6239,-0.751
6240,-0.751
6241,-0.751
6242,-0.751
6243,-0.751
6244,-0.751
6245,-0.751
6246,-0.751
6247,-0.751
6248,-0.751
6249,-0.751
6250,-0.751
6251,-0.751
6252,-0.751
6253,-0.751
6254,-0.751
6255,-0.751
6256,-0.751
6257,-0.751
6258,-0.751
6259,-0.751
6260,-0.751
6261,-0.751
6262,-0.751
6263,-0.751
6264,-0.751
6265,-0.751
6266,-0.751
6267,-0.751
6268,-0.751
6269,-0.751
6270,-0.751
6271,-0.751
6272,-0.751
6273,-0.751
6274,-0.751
6275,-0.751
6276,-0.751
6277,-0.751
6278,-0.751
6279,-0.751
6280,-0.751
6281,-0.751
6282,-0.751
6283,-0.751
6284,-0.751
6285,-0.751
6286,-0.751
6287,-0.751
6288,-0.751
6289,-0.751
6290,-0.751
6291,-0.751
6292,-0.751
6293,-0.751
6294,-0.751
6295,-0.751
6296,-0.751
6297,-0.751
6298,-0.751
6299,-0.751
6300,-0.751
6301,-0.751
6302,-0.751
6303,-0.751
6304,-0.751
6305,-0.751
6306,-0.751
6307,-0.751
6308,-0.751
6309,-0.751
6310,-0.751
6311,-0.751
6312,-0.751
6313,-0.751
6314,-0.751
6315,-0.751
6316,-0.751
6317,-0.751
6318,-0.751
6319,-0.751
6320,-0.751
6321,-0.751
6322,-0.751
6323,-0.751
6324,-0.751
6325,-0.751
6326,-0.751
6327,-0.751
6328,-0.751
6329,-0.751
6330,-0.751
6331,-0.751
6332,-0.751
6333,-0.751
6334,-0.751
6335,-0.751
6336,-0.751
6337,-0.751
6338,-0.751
6339,-0.751
6340,-0.751
6341,-0.751
6342,-0.751
6343,-0.736
6344,-0.719
6345,-0.699
6346,-0.680
6347,-0.658
6348,-0.638
6349,-0.619
6350,-0.599
6351,-0.577
6352,-0.557
6353,-0.538
6354,-0.518
6355,-0.499
6356,-0.477
6357,-0.457
6358,-0.438
6359,-0.418
6360,-0.399
6361,-0.381
6362,-0.362
6363,-0.342
6364,-0.323
6365,-0.303
6366,-0.284
6367,-0.264
6368,-0.247
6369,-0.230
6370,-0.210
6371,-0.191
6372,-0.169
6373,-0.142
6374,-0.115
6375,-0.083
6376,-0.049
6377,-0.012
6378,0.027
6379,0.066
6380,0.105
6381,0.147
6382,0.188
6383,0.242
6384,0.296
6385,0.359
6386,0.423
6387,0.489
6388,0.553
6389,0.619
6390,0.685
6391,0.765
6392,0.846
6393,0.941
6394,1.037
6395,1.144
6396,1.254
6397,1.369
6398,1.487
6399,1.584
6400,1.685
6401,1.716
6402,1.751
6403,1.751
6404,1.751
6405,1.751
6406,1.751
6407,1.751
6408,1.751
6409,1.751
6410,1.751
6411,1.751
6412,1.751
6413,1.751
6414,1.751
6415,1.751
6416,1.751
6417,1.751
6418,1.751
6419,1.751
6420,1.751
6421,1.751
6422,1.751
6423,1.751
6424,1.751
6425,1.751
6426,1.751
6427,1.736
6428,1.719
6429,1.660
6430,1.601
6431,1.540
6432,1.482
6433,1.423
6434,1.364
6435,1.311
6436,1.259
6437,1.215
6438,1.169
6439,1.134
6440,1.098
6441,1.071
6442,1.044
6443,1.024
6444,1.005
6445,0.990
6446,0.976
6447,0.966
6448,0.954
6449,0.946
6450,0.939
6451,0.929
6452,0.922
6453,0.914
6454,0.907
6455,0.897
6456,0.890
6457,0.878
6458,0.868
6459,0.858
6460,0.848
6461,0.841
6462,0.831
6463,0.822
6464,0.814
6465,0.804
6466,0.795
6467,0.787
6468,0.780
6469,0.775
6470,0.770
6471,0.765
6472,0.760
6473,0.756
6474,0.753
6475,0.748
6476,0.746
6477,0.741
6478,0.736
6479,0.731
6480,0.726
6481,0.719
6482,0.714
6483,0.707
6484,0.697
6485,0.687
6486,0.675
6487,0.665
6488,0.653
6489,0.643
6490,0.631
6491,0.619
6492,0.606
6493,0.594
6494,0.579
6495,0.567
6496,0.555
6497,0.545
6498,0.533
6499,0.526
6500,0.516
6501,0.511
6502,0.504
6503,0.501
6504,0.499
6505,0.499
6506,0.496
6507,0.499
6508,0.501
6509,0.504
6510,0.509
6511,0.518
6512,0.528
6513,0.540
6514,0.555
6515,0.575
6516,0.594
6517,0.619
6518,0.643
6519,0.665
6520,0.689
6521,0.711
6522,0.733
6523,0.760
6524,0.787
6525,0.814
6526,0.844
6527,0.868
6528,0.892
6529,0.912
6530,0.934
6531,0.949
6532,0.966
6533,0.978
6534,0.990
6535,0.995
6536,1.000
6537,1.000
6538,0.998
6539,0.993
6540,0.988
6541,0.980
6542,0.971
6543,0.958
6544,0.949
6545,0.932
6546,0.917
6547,0.902
6548,0.890
6549,0.875
6550,0.861
6551,0.848
6552,0.834
6553,0.822
6554,0.807
6555,0.795
6556,0.780
6557,0.768
6558,0.753
6559,0.741
6560,0.729
6561,0.716
6562,0.704
6563,0.689
6564,0.677
6565,0.663
6566,0.648
6567,0.633
6568,0.621
6569,0.606
6570,0.592
6571,0.572
6572,0.555
6573,0.533
6574,0.509
6575,0.482
6576,0.452
6577,0.421
6578,0.386
6579,0.355
6580,0.325
6581,0.293
6582,0.262
6583,0.227
6584,0.196
6585,0.159
6586,0.122
6587,0.090
6588,0.056
6589,0.029
6590,0.000
6591,-0.024
6592,-0.049
6593,-0.071
6594,-0.093
6595,-0.110
6596,-0.127
6597,-0.137
6598,-0.149
6599,-0.154
6600,-0.159
6601,-0.159
6602,-0.159
6603,-0.149
6604,-0.137
6605,-0.120
6606,-0.100
6607,-0.078
6608,-0.054
6609,-0.024
6610,0.005
6611,0.049
6612,0.093
6613,0.149
6614,0.208
6615,0.279
6616,0.347
6617,0.428
6618,0.506
6619,0.582
6620,0.655
6621,0.726
6622,0.800
6623,0.875
6624,0.951
6625,1.029
6626,1.110
6627,1.181
6628,1.252
6629,1.313
6630,1.377
6631,1.438
6632,1.496
6633,1.553
6634,1.609
6635,1.658
6636,1.707
6637,1.729
6638,1.751
6639,1.751
6640,1.751
6641,1.751
6642,1.751
6643,1.751
6644,1.751
6645,1.751
6646,1.751
6647,1.751
6648,1.751
6649,1.751
6650,1.751
6651,1.751
6652,1.751
6653,1.751
6654,1.751
6655,1.751
6656,1.751
6657,1.731
6658,1.711
6659,1.677
6660,1.643
6661,1.609
6662,1.575
6663,1.535
6664,1.496
6665,1.455
6666,1.411
6667,1.372
6668,1.330
6669,1.293
6670,1.254
6671,1.213
6672,1.171
6673,1.130
6674,1.086
6675,1.042
6676,0.998
6677,0.954
6678,0.910
6679,0.868
6680,0.829
6681,0.792
6682,0.756
6683,0.719
6684,0.682
6685,0.645
6686,0.609
6687,0.577
6688,0.543
6689,0.513
6690,0.484
6691,0.455
6692,0.425
6693,0.396
6694,0.364
6695,0.335
6696,0.306
6697,0.279
6698,0.249
6699,0.225
6700,0.200
6701,0.178
6702,0.156
6703,0.137
6704,0.115
6705,0.095
6706,0.073
6707,0.056
6708,0.037
6709,0.022
6710,0.005
6711,-0.010
6712,-0.024
6713,-0.037
6714,-0.049
6715,-0.059
6716,-0.066
6717,-0.071
6718,-0.078
6719,-0.081
6720,-0.086
6721,-0.088
6722,-0.088
6723,-0.088
6724,-0.088
6725,-0.083
6726,-0.081
6727,-0.076
6728,-0.071
6729,-0.066
6730,-0.061
6731,-0.051
6732,-0.044
6733,-0.032
6734,-0.020
6735,-0.005
6736,0.010
6737,0.027
6738,0.044
6739,0.059
6740,0.076
6741,0.093
6742,0.110
6743,0.127
6744,0.142
6745,0.159
6746,0.174
6747,0.188
6748,0.200
6749,0.210
6750,0.220
6751,0.230
6752,0.237
6753,0.244
6754,0.249
6755,0.254
6756,0.257
6757,0.259
6758,0.259
6759,0.259
6760,0.262
6761,0.259
6762,0.259
6763,0.257
6764,0.254
6765,0.249
6766,0.244
6767,0.240
6768,0.237
6769,0.232
6770,0.227
6771,0.222
6772,0.218
6773,0.213
6774,0.208
6775,0.200
6776,0.196
6777,0.191
6778,0.186
6779,0.178
6780,0.174
6781,0.169
6782,0.164
6783,0.159
6784,0.154
6785,0.147
6786,0.142
6787,0.137
6788,0.132
6789,0.127
6790,0.122
6791,0.117
6792,0.112
6793,0.108
6794,0.103
6795,0.098
6796,0.095
6797,0.090
6798,0.088
6799,0.086
6800,0.083
6801,0.083
6802,0.083
6803,0.081
6804,0.081
6805,0.081
6806,0.083
6807,0.083
6808,0.083
6809,0.086
6810,0.086
6811,0.088
6812,0.088
6813,0.090
6814,0.090
6815,0.093
6816,0.095
6817,0.098
6818,0.100
6819,0.103
6820,0.105
6821,0.105
6822,0.108
6823,0.108
6824,0.110
6825,0.110
6826,0.112
6827,0.115
6828,0.115
6829,0.117
6830,0.120
6831,0.122
6832,0.125
6833,0.130
6834,0.132
6835,0.137
6836,0.144
6837,0.149
6838,0.154
6839,0.161
6840,0.166
6841,0.171
6842,0.176
6843,0.183
6844,0.188
6845,0.196
6846,0.203
6847,0.208
6848,0.213
6849,0.218
6850,0.222
6851,0.230
6852,0.235
6853,0.240
6854,0.247
6855,0.254
6856,0.264
6857,0.274
6858,0.284
6859,0.293
6860,0.303
6861,0.311
6862,0.320
6863,0.333
6864,0.345
6865,0.357
6866,0.372
6867,0.384
6868,0.396
6869,0.408
6870,0.421
6871,0.433
6872,0.447
6873,0.462
6874,0.477
6875,0.491
6876,0.506
6877,0.521
6878,0.538
6879,0.553
6880,0.567
6881,0.579
6882,0.594
6883,0.609
6884,0.626
6885,0.643
6886,0.660
6887,0.675
6888,0.689
6889,0.704
6890,0.716
6891,0.731
6892,0.743
6893,0.758
6894,0.770
6895,0.782
6896,0.795
6897,0.804
6898,0.814
6899,0.819
6900,0.826
6901,0.829
6902,0.831
6903,0.829
6904,0.826
6905,0.822
6906,0.817
6907,0.807
6908,0.800
6909,0.787
6910,0.778
6911,0.763
6912,0.746
6913,0.726
6914,0.704
6915,0.682
6916,0.658
6917,0.633
6918,0.609
6919,0.587
6920,0.565
6921,0.543
6922,0.521
6923,0.501
6924,0.479
6925,0.457
6926,0.438
6927,0.418
6928,0.401
6929,0.384
6930,0.369
6931,0.355
6932,0.340
6933,0.328
6934,0.315
6935,0.308
6936,0.301
6937,0.298
6938,0.293
6939,0.293
6940,0.291
6941,0.293
6942,0.296
6943,0.301
6944,0.308
6945,0.318
6946,0.328
6947,0.337
6948,0.347
6949,0.359
6950,0.372
6951,0.389
6952,0.403
6953,0.423
6954,0.443
6955,0.467
6956,0.489
6957,0.513
6958,0.538
6959,0.557
6960,0.579
6961,0.599
6962,0.619
6963,0.638
6964,0.658
6965,0.677
6966,0.697
6967,0.714
6968,0.731
6969,0.748
6970,0.763
6971,0.778
6972,0.795
6973,0.809
6974,0.824
6975,0.841
6976,0.858
6977,0.878
6978,0.895
6979,0.910
6980,0.922
6981,0.934
6982,0.944
6983,0.956
6984,0.968
6985,0.980
6986,0.993
6987,1.002
6988,1.012
6989,1.022
6990,1.029
6991,1.037
6992,1.046
6993,1.056
6994,1.064
6995,1.073
6996,1.081
6997,1.086
6998,1.093
6999,1.095
7000,1.098
7001,1.098
7002,1.098
7003,1.098
7004,1.098
7005,1.095
7006,1.093
7007,1.090
7008,1.086
7009,1.081
7010,1.076
7011,1.068
7012,1.064
7013,1.056
7014,1.051
7015,1.044
7016,1.039
7017,1.032
7018,1.024
7019,1.017
7020,1.012
7021,1.002
7022,0.995
7023,0.988
7024,0.980
7025,0.973
7026,0.966
7027,0.958
7028,0.949
7029,0.939
7030,0.929
7031,0.917
7032,0.907
7033,0.892
7034,0.880
7035,0.863
7036,0.848
7037,0.831
7038,0.814
7039,0.795
7040,0.778
7041,0.758
7042,0.741
7043,0.719
7044,0.699
7045,0.680
7046,0.660
7047,0.641
7048,0.621
7049,0.604
7050,0.584
7051,0.567
7052,0.548
7053,0.531
7054,0.511
7055,0.494
7056,0.477
7057,0.460
7058,0.445
7059,0.430
7060,0.416
7061,0.403
7062,0.389
7063,0.379
7064,0.367
7065,0.357
7066,0.347
7067,0.340
7068,0.330
7069,0.323
7070,0.315
7071,0.311
7072,0.308
7073,0.306
7074,0.303
7075,0.303
7076,0.303
7077,0.303
7078,0.303
7079,0.306
7080,0.306
7081,0.308
7082,0.308
7083,0.313
7084,0.315
7085,0.320
7086,0.325
7087,0.328
7088,0.333
7089,0.335
7090,0.340
7091,0.345
7092,0.352
7093,0.359
7094,0.367
7095,0.374
7096,0.384
7097,0.391
7098,0.399
7099,0.406
7100,0.413
7101,0.418
7102,0.423
7103,0.428
7104,0.433
7105,0.438
7106,0.443
7107,0.445
7108,0.447
7109,0.450
7110,0.450
7111,0.450
7112,0.450
7113,0.450
7114,0.450
7115,0.445
7116,0.443
7117,0.438
7118,0.430
7119,0.423
7120,0.416
7121,0.406
7122,0.399
7123,0.386
7124,0.374
7125,0.362
7126,0.347
7127,0.333
7128,0.318
7129,0.303
7130,0.289
7131,0.269
7132,0.252
7133,0.227
7134,0.205
7135,0.176
7136,0.147
7137,0.112
7138,0.078
7139,0.046
7140,0.012
7141,-0.020
7142,-0.051
7143,-0.088
7144,-0.122
7145,-0.161
7146,-0.198
7147,-0.230
7148,-0.262
7149,-0.286
7150,-0.311
7151,-0.328
7152,-0.345
7153,-0.355
7154,-0.364
7155,-0.362
7156,-0.357
7157,-0.345
7158,-0.330
7159,-0.313
7160,-0.293
7161,-0.271
7162,-0.247
7163,-0.215
7164,-0.183
7165,-0.144
7166,-0.105
7167,-0.071
7168,-0.034
7169,0.000
7170,0.034
7171,0.064
7172,0.095
7173,0.127
7174,0.156
7175,0.181
7176,0.205
7177,0.227
7178,0.247
7179,0.262
7180,0.279
7181,0.289
7182,0.301
7183,0.311
7184,0.320
7185,0.330
7186,0.337
7187,0.347
7188,0.355
7189,0.364
7190,0.374
7191,0.386
7192,0.401
7193,0.418
7194,0.438
7195,0.457
7196,0.479
7197,0.504
7198,0.526
7199,0.548
7200,0.570
7201,0.589
7202,0.609
7203,0.628
7204,0.650
7205,0.670
7206,0.689
7207,0.704
7208,0.721
7209,0.733
7210,0.746
7211,0.756
7212,0.763
7213,0.770
7214,0.775
7215,0.775
7216,0.773
7217,0.768
7218,0.763
7219,0.756
7220,0.748
7221,0.741
7222,0.731
7223,0.721
7224,0.711
7225,0.699
7226,0.687
7227,0.677
7228,0.667
7229,0.660
7230,0.653
7231,0.650
7232,0.648
7233,0.653
7234,0.658
7235,0.672
7236,0.689
7237,0.711
7238,0.736
7239,0.760
7240,0.787
7241,0.817
7242,0.846
7243,0.885
7244,0.924
7245,0.971
7246,1.017
7247,1.064
7248,1.110
7249,1.156
7250,1.203
7251,1.257
7252,1.311
7253,1.372
7254,1.433
7255,1.499
7256,1.565
7257,1.633
7258,1.699
7259,1.726
7260,1.751
7261,1.751
7262,1.751
7263,1.751
7264,1.751
7265,1.751
7266,1.751
7267,1.751
7268,1.751
7269,1.751
7270,1.751
7271,1.751
7272,1.751
7273,1.751
7274,1.751
7275,1.751
7276,1.751
7277,1.751
7278,1.751
7279,1.751
7280,1.751
7281,1.751
7282,1.751
7283,1.746
7284,1.738
7285,1.677
7286,1.614
7287,1.557
7288,1.499
7289,1.445
7290,1.394
7291,1.342
7292,1.291
7293,1.242
7294,1.196
7295,1.156
7296,1.120
7297,1.090
7298,1.064
7299,1.044
7300,1.027
7301,1.020
7302,1.012
7303,1.024
7304,1.034
7305,1.061
7306,1.088
7307,1.120
7308,1.154
7309,1.193
7310,1.232
7311,1.291
7312,1.352
7313,1.428
7314,1.504
7315,1.584
7316,1.665
7317,1.707
7318,1.751
7319,1.751
7320,1.751
7321,1.751
7322,1.751
7323,1.751
7324,1.751
7325,1.751
7326,1.751
7327,1.751
7328,1.751
7329,1.751
7330,1.751
7331,1.751
7332,1.751
7333,1.751
7334,1.751
7335,1.751
7336,1.751
7337,1.751
7338,1.751
7339,1.751
7340,1.751
7341,1.751
7342,1.751
7343,1.751
7344,1.751
7345,1.751
7346,1.751
7347,1.751
7348,1.751
7349,1.751
7350,1.751
7351,1.751
7352,1.751
7353,1.751
7354,1.751
7355,1.751
7356,1.751
7357,1.751
7358,1.751
7359,1.751
7360,1.751
7361,1.751
7362,1.751
7363,1.751
7364,1.751
7365,1.751
7366,1.751
7367,1.751
7368,1.751
7369,1.751
7370,1.751
7371,1.751
7372,1.751
7373,1.667
7374,1.582
7375,1.462
7376,1.342
7377,1.210
7378,1.081
7379,0.958
7380,0.836
7381,0.719
7382,0.604
7383,0.479
7384,0.352
7385,0.222
7386,0.093
7387,-0.024
7388,-0.142
7389,-0.247
7390,-0.355
7391,-0.465
7392,-0.577
7393,-0.665
7394,-0.751
7395,-0.751
7396,-0.751
7397,-0.751
7398,-0.751
7399,-0.751
7400,-0.751
7401,-0.751
7402,-0.751
7403,-0.751
7404,-0.751
7405,-0.751
7406,-0.751
7407,-0.751
7408,-0.751
7409,-0.751
7410,-0.751
7411,-0.751
7412,-0.751
7413,-0.751
7414,-0.751
7415,-0.751
7416,-0.751
7417,-0.751
7418,-0.751
7419,-0.751
7420,-0.751
7421,-0.751
7422,-0.751
7423,-0.751
7424,-0.751
7425,-0.751
7426,-0.751
7427,-0.751
7428,-0.751
7429,-0.751
7430,-0.751
7431,-0.751
7432,-0.751
7433,-0.751
7434,-0.751
7435,-0.751
7436,-0.751
7437,-0.751
7438,-0.751
7439,-0.751
7440,-0.751
7441,-0.751
7442,-0.751
7443,-0.751
7444,-0.751
7445,-0.751
7446,-0.751
7447,-0.751
7448,-0.751
7449,-0.726
7450,-0.702
7451,-0.665
7452,-0.628
7453,-0.597
7454,-0.565
7455,-0.538
7456,-0.511
7457,-0.489
7458,-0.465
7459,-0.445
7460,-0.425
7461,-0.411
7462,-0.394
7463,-0.379
7464,-0.367
7465,-0.355
7466,-0.342
7467,-0.335
7468,-0.325
7469,-0.318
7470,-0.308
7471,-0.303
7472,-0.298
7473,-0.296
7474,-0.291
7475,-0.289
7476,-0.286
7477,-0.286
7478,-0.284
7479,-0.284
7480,-0.281
7481,-0.281
7482,-0.281
7483,-0.281
7484,-0.281
7485,-0.284
7486,-0.286
7487,-0.289
7488,-0.291
7489,-0.293
7490,-0.296
7491,-0.301
7492,-0.306
7493,-0.313
7494,-0.318
7495,-0.328
7496,-0.335
7497,-0.342
7498,-0.352
7499,-0.357
